itemname,New column 1
TheGiftKart Genuine Leather Finish Back Cover Case for iPhone 16 | Shockproof Design | Raised Edges for Camera & Screen Protection | Stunning Minimalist Design Back Case Cover for iPhone 16 (Black),399
Flip Cover Back Case for Apple iPhone 16 | Premium Leather Finish | Inbuilt Pockets & Stand | Flip Cover Back Case for Apple iPhone 16 (Black),229
KARWAN®️ Genuine Leather Finish iPhone 16 Back Cover Case |Shockproof Design |Raised Edges for Camera & Screen Protection |Super Soft - Touch |Leather Case for iPhone 16 (Black),379
TheGiftKart Genuine Leather Finish Back Cover Case for iPhone 16 Pro | ShockProof Design | Raised Edges for Camera & Screen Protection | Stunning Minimalist Design Back Cover for iPhone 16 Pro (Black),399
TheGiftKart Genuine Leather Finish Back Cover Case for iPhone 16 Plus | Shockproof Design | Raised Edges for Camera & Screen Protection | Stunning Minimalist Design Cover for iPhone 16 Plus (Black),399
iPhone 16 pro Magnetic Transparent Case | Shock Proof Design & Camera Protection | Magsafe Wireless Charging case for Apple iPhone 16 pro | Sleek Hard Crystal Cover - Black (Back),189
TheGiftKart Genuine Leather Finish Back Cover Case for iPhone 16 Pro Max | ShockProof Design | Raised Edges for Camera & Screen Protection | Stunning Minimalist Back Case for iPhone 16 Pro Max (Black),399
iPhone 16 pro Max Magnetic Transparent Case | Shock Proof Design & Camera Protection | Magsafe Wireless Charging case for Apple iPhone 16 pro Max | Sleek Hard Crystal Cover - Black (Back),189
CG MOBILE BMW iPhone 16 Pro Case [Official Licensed] M Collection Mag-Safe Compatible | PU Carbon Tricolor Stripes with Metal Logos Protective Case/Cover Designed for iPhone 16 Pro (2024) - Black,"3,299"
"Spigen Cyrill Kajuk Mag for iPhone 16 Plus Case, Faux Leather iPhone 16 Plus Back Cover - Black","1,699"
"elago Magnetic Leather Case Compatible with iPhone 16 Pro Max Case, Compatible with All MagSafe Accessories, 6.9 inch - Built-in Magnets, Vegan Leather, Shockproof, Water-Resistant [Black]","2,099"
CG MOBILE BMW iPhone 16 Pro Max Case [Official Licensed] M Collection Mag-Safe Compatible | PU Carbon Tricolor Stripes with Metal Logos Protective Case/Cover Designed for iPhone 16 Pro Max -Black,"3,099"
Pikkme Back Cover | Flexible Pu Leather | Full Camera Protection | Raised Edges | Super Soft-Touch | Bumper Case for iPhone 16 Pro (Black),399
CG MOBILE Guess iPhone 16 Pro Case [Official Licensed] PU Leather 4G Case| Metal Logo with Strass Protective Case/Cover Designed for iPhone 16 Pro (6.3-Inch) (2024) - Black,"2,399"
CG MOBILE BMW iPhone 16 Pro Case [Official Licensed] M Collection Mag-Safe Compatible| Perforated Tricolor Stripes with Printed Logos Protective Case/Cover Designed for iPhone 16 Pro - Black,"3,099"
CG MOBILE BMW iPhone 16 Pro Max Case [Official Licensed] M Collection Mag-Safe Compatible| Perforated Tricolor Stripes with Printed Logos Protective Case/Cover Designed for iPhone 16 Pro Max,"3,099"
CG MOBILE DKNY iPhone 16 Pro Case [Official Licensed] Mag-Safe Compatible | Repeat Pattren with Stack Logo Protective Case/Cover Designed for iPhone 16 Pro (6.3-Inch) (2024) - Black,"2,399"
"Spigen Valentinus (Magfit) Magnetic Card Holder up to 2 Cards, MagSafe Wallet Designed for iPhone 16/15/14/13/12 Models - Black","1,599"
Kapa Tux Leather Back Cover for Apple iPhone 16 Pro Max | Slim Shockproof Camera Protection Bumper Case (Black),499
"Spigen Cyrill Kajuk Mag for iPhone 16 Pro Case, Faux Leather Crossbody Strap iPhone 16 Pro Back Cover - Classic Charm Black","1,999"
