Location,Location Src,Location Url,Population,% of world,Date,Source (official or from the United Nations),Source (official or from the United Nations) Url,Notes,Notes Url
World,,,"8,137,753,420",100%,15 Apr 2025,UN projection[1][3],https://en.wikipedia.org/wiki/List_of_countries_and_dependencies_by_population#cite_note-UNFPA-1,,
India,https://upload.wikimedia.org/wikipedia/en/thumb/4/41/Flag_of_India.svg/40px-Flag_of_India.svg.png,https://en.wikipedia.org/wiki/India,"1,413,324,000",17.3%,1 Mar 2025,Official projection[4],https://en.wikipedia.org/wiki/List_of_countries_and_dependencies_by_population#cite_note-5,[b],https://en.wikipedia.org/wiki/List_of_countries_and_dependencies_by_population#cite_note-6
China,https://upload.wikimedia.org/wikipedia/commons/thumb/f/fa/Flag_of_the_People%27s_Republic_of_China.svg/40px-Flag_of_the_People%27s_Republic_of_China.svg.png,https://en.wikipedia.org/wiki/China,"1,408,280,000",17.2%,31 Dec 2024,Official estimate[5],https://en.wikipedia.org/wiki/List_of_countries_and_dependencies_by_population#cite_note-7,[c],https://en.wikipedia.org/wiki/List_of_countries_and_dependencies_by_population#cite_note-8
United States,https://upload.wikimedia.org/wikipedia/en/thumb/a/a4/Flag_of_the_United_States.svg/40px-Flag_of_the_United_States.svg.png,https://en.wikipedia.org/wiki/United_States,"340,110,988",4.2%,1 Jul 2024,Official estimate[6],https://en.wikipedia.org/wiki/List_of_countries_and_dependencies_by_population#cite_note-9,[d],https://en.wikipedia.org/wiki/List_of_countries_and_dependencies_by_population#cite_note-10
Indonesia,https://upload.wikimedia.org/wikipedia/commons/thumb/9/9f/Flag_of_Indonesia.svg/40px-Flag_of_Indonesia.svg.png,https://en.wikipedia.org/wiki/Indonesia,"282,477,584",3.5%,30 Jun 2024,National annual projection[7],https://en.wikipedia.org/wiki/List_of_countries_and_dependencies_by_population#cite_note-11,,
Pakistan,https://upload.wikimedia.org/wikipedia/commons/thumb/3/32/Flag_of_Pakistan.svg/40px-Flag_of_Pakistan.svg.png,https://en.wikipedia.org/wiki/Pakistan,"241,499,431",3.0%,1 Mar 2023,2023 census result[8],https://en.wikipedia.org/wiki/List_of_countries_and_dependencies_by_population#cite_note-12,[e],https://en.wikipedia.org/wiki/List_of_countries_and_dependencies_by_population#cite_note-13
Nigeria,https://upload.wikimedia.org/wikipedia/commons/thumb/7/79/Flag_of_Nigeria.svg/40px-Flag_of_Nigeria.svg.png,https://en.wikipedia.org/wiki/Nigeria,"223,800,000",2.7%,1 Jul 2023,Official projection[9],https://en.wikipedia.org/wiki/List_of_countries_and_dependencies_by_population#cite_note-14,,
Brazil,https://upload.wikimedia.org/wikipedia/en/thumb/0/05/Flag_of_Brazil.svg/40px-Flag_of_Brazil.svg.png,https://en.wikipedia.org/wiki/Brazil,"212,583,750",2.6%,1 Jul 2024,Official projection[10],https://en.wikipedia.org/wiki/List_of_countries_and_dependencies_by_population#cite_note-15,,
Bangladesh,https://upload.wikimedia.org/wikipedia/commons/thumb/f/f9/Flag_of_Bangladesh.svg/40px-Flag_of_Bangladesh.svg.png,https://en.wikipedia.org/wiki/Bangladesh,"169,828,911",2.1%,14 Jun 2022,2022 census result[11],https://en.wikipedia.org/wiki/List_of_countries_and_dependencies_by_population#cite_note-16,[f],https://en.wikipedia.org/wiki/List_of_countries_and_dependencies_by_population#cite_note-18
Russia,https://upload.wikimedia.org/wikipedia/en/thumb/f/f3/Flag_of_Russia.svg/40px-Flag_of_Russia.svg.png,https://en.wikipedia.org/wiki/Russia,"146,028,325",1.8%,1 Jan 2025,Official estimate[13],https://en.wikipedia.org/wiki/List_of_countries_and_dependencies_by_population#cite_note-19,[g],https://en.wikipedia.org/wiki/List_of_countries_and_dependencies_by_population#cite_note-20
Mexico,https://upload.wikimedia.org/wikipedia/commons/thumb/f/fc/Flag_of_Mexico.svg/40px-Flag_of_Mexico.svg.png,https://en.wikipedia.org/wiki/Mexico,"130,294,079",1.6%,31 Dec 2024,National quarterly estimate[14],https://en.wikipedia.org/wiki/List_of_countries_and_dependencies_by_population#cite_note-21,,
Japan,https://upload.wikimedia.org/wikipedia/en/thumb/9/9e/Flag_of_Japan.svg/40px-Flag_of_Japan.svg.png,https://en.wikipedia.org/wiki/Japan,"123,440,000",1.5%,1 Mar 2025,Monthly national estimate[15],https://en.wikipedia.org/wiki/List_of_countries_and_dependencies_by_population#cite_note-22,,
Philippines,https://upload.wikimedia.org/wikipedia/commons/thumb/9/99/Flag_of_the_Philippines.svg/40px-Flag_of_the_Philippines.svg.png,https://en.wikipedia.org/wiki/Philippines,"114,123,600",1.4%,1 Jul 2025,Official projection[16],https://en.wikipedia.org/wiki/List_of_countries_and_dependencies_by_population#cite_note-23,,
Ethiopia,https://upload.wikimedia.org/wikipedia/commons/thumb/7/71/Flag_of_Ethiopia.svg/23px-Flag_of_Ethiopia.svg.png,https://en.wikipedia.org/wiki/Ethiopia,"109,499,000",1.3%,1 Jul 2024,National annual projection[17],https://en.wikipedia.org/wiki/List_of_countries_and_dependencies_by_population#cite_note-24,,
Democratic Republic of the Congo,https://upload.wikimedia.org/wikipedia/commons/thumb/6/6f/Flag_of_the_Democratic_Republic_of_the_Congo.svg/20px-Flag_of_the_Democratic_Republic_of_the_Congo.svg.png,https://en.wikipedia.org/wiki/Democratic_Republic_of_the_Congo,"109,276,000",1.3%,1 Jul 2024,UN estimate[18],https://en.wikipedia.org/wiki/List_of_countries_and_dependencies_by_population#cite_note-25,,
Egypt,https://upload.wikimedia.org/wikipedia/commons/thumb/f/fe/Flag_of_Egypt.svg/23px-Flag_of_Egypt.svg.png,https://en.wikipedia.org/wiki/Egypt,"105,914,499",1.3%,1 Jan 2024,Official estimate[19],https://en.wikipedia.org/wiki/List_of_countries_and_dependencies_by_population#cite_note-26,,
Vietnam,https://upload.wikimedia.org/wikipedia/commons/thumb/2/21/Flag_of_Vietnam.svg/40px-Flag_of_Vietnam.svg.png,https://en.wikipedia.org/wiki/Vietnam,"101,343,800",1.2%,31 Dec 2024,Official estimate[20],https://en.wikipedia.org/wiki/List_of_countries_and_dependencies_by_population#cite_note-27,,
Iran,https://upload.wikimedia.org/wikipedia/commons/thumb/c/ca/Flag_of_Iran.svg/40px-Flag_of_Iran.svg.png,https://en.wikipedia.org/wiki/Iran,"85,961,000",1.1%,20 Mar 2024,Official estimate[21],https://en.wikipedia.org/wiki/List_of_countries_and_dependencies_by_population#cite_note-28,,
Turkey,https://upload.wikimedia.org/wikipedia/commons/thumb/b/b4/Flag_of_Turkey.svg/40px-Flag_of_Turkey.svg.png,https://en.wikipedia.org/wiki/Turkey,"85,664,944",1.0%,31 Dec 2024,Official estimate[22],https://en.wikipedia.org/wiki/List_of_countries_and_dependencies_by_population#cite_note-29,,
Germany,https://upload.wikimedia.org/wikipedia/en/thumb/b/ba/Flag_of_Germany.svg/23px-Flag_of_Germany.svg.png,https://en.wikipedia.org/wiki/Germany,"83,555,478",1.0%,30 Sep 2024,National quarterly estimate[23],https://en.wikipedia.org/wiki/List_of_countries_and_dependencies_by_population#cite_note-30,,
France,https://upload.wikimedia.org/wikipedia/en/thumb/c/c3/Flag_of_France.svg/40px-Flag_of_France.svg.png,https://en.wikipedia.org/wiki/France,"68,609,000",0.8%,1 Mar 2025,Monthly national estimate[24],https://en.wikipedia.org/wiki/List_of_countries_and_dependencies_by_population#cite_note-31,[h],https://en.wikipedia.org/wiki/List_of_countries_and_dependencies_by_population#cite_note-32
United Kingdom,https://upload.wikimedia.org/wikipedia/en/thumb/a/ae/Flag_of_the_United_Kingdom.svg/40px-Flag_of_the_United_Kingdom.svg.png,https://en.wikipedia.org/wiki/United_Kingdom,"68,265,209",0.8%,1 Jul 2023,Official estimate[25],https://en.wikipedia.org/wiki/List_of_countries_and_dependencies_by_population#cite_note-33,[i],https://en.wikipedia.org/wiki/List_of_countries_and_dependencies_by_population#cite_note-34
Thailand,https://upload.wikimedia.org/wikipedia/commons/thumb/a/a9/Flag_of_Thailand.svg/23px-Flag_of_Thailand.svg.png,https://en.wikipedia.org/wiki/Thailand,"65,932,105",0.8%,31 Jan 2025,Monthly national estimate[26],https://en.wikipedia.org/wiki/List_of_countries_and_dependencies_by_population#cite_note-35,,
South Africa,https://upload.wikimedia.org/wikipedia/commons/thumb/a/af/Flag_of_South_Africa.svg/40px-Flag_of_South_Africa.svg.png,https://en.wikipedia.org/wiki/South_Africa,"63,015,904",0.8%,30 Jul 2024,Official estimate[27],https://en.wikipedia.org/wiki/List_of_countries_and_dependencies_by_population#cite_note-36,,
Tanzania,https://upload.wikimedia.org/wikipedia/commons/thumb/3/38/Flag_of_Tanzania.svg/40px-Flag_of_Tanzania.svg.png,https://en.wikipedia.org/wiki/Tanzania,"61,741,120",0.8%,23 Aug 2022,2022 census result[28],https://en.wikipedia.org/wiki/List_of_countries_and_dependencies_by_population#cite_note-37,[j],https://en.wikipedia.org/wiki/List_of_countries_and_dependencies_by_population#cite_note-38
Italy,https://upload.wikimedia.org/wikipedia/en/thumb/0/03/Flag_of_Italy.svg/40px-Flag_of_Italy.svg.png,https://en.wikipedia.org/wiki/Italy,"58,934,177",0.7%,31 Dec 2024,Monthly national estimate[29],https://en.wikipedia.org/wiki/List_of_countries_and_dependencies_by_population#cite_note-39,,
Colombia,https://upload.wikimedia.org/wikipedia/commons/thumb/2/21/Flag_of_Colombia.svg/40px-Flag_of_Colombia.svg.png,https://en.wikipedia.org/wiki/Colombia,"52,695,952",0.6%,1 Jan 2024,Official projection[30],https://en.wikipedia.org/wiki/List_of_countries_and_dependencies_by_population#cite_note-40,,
Kenya,https://upload.wikimedia.org/wikipedia/commons/thumb/4/49/Flag_of_Kenya.svg/40px-Flag_of_Kenya.svg.png,https://en.wikipedia.org/wiki/Kenya,"52,428,290",0.6%,1 Jan 2024,Official projection[31],https://en.wikipedia.org/wiki/List_of_countries_and_dependencies_by_population#cite_note-41,,
Myanmar,https://upload.wikimedia.org/wikipedia/commons/thumb/8/8c/Flag_of_Myanmar.svg/23px-Flag_of_Myanmar.svg.png,https://en.wikipedia.org/wiki/Myanmar,"51,316,756",0.6%,15 Oct 2024,2024 census result[32],https://en.wikipedia.org/wiki/List_of_countries_and_dependencies_by_population#cite_note-42,[k],https://en.wikipedia.org/wiki/List_of_countries_and_dependencies_by_population#cite_note-44
South Korea,https://upload.wikimedia.org/wikipedia/commons/thumb/0/09/Flag_of_South_Korea.svg/40px-Flag_of_South_Korea.svg.png,https://en.wikipedia.org/wiki/South_Korea,"51,207,874",0.6%,31 Jan 2025,Monthly national estimate[34],https://en.wikipedia.org/wiki/List_of_countries_and_dependencies_by_population#cite_note-45,,
Sudan,https://upload.wikimedia.org/wikipedia/commons/thumb/0/01/Flag_of_Sudan.svg/40px-Flag_of_Sudan.svg.png,https://en.wikipedia.org/wiki/Sudan,"50,448,963",0.6%,1 Jul 2024,UN projection[35],https://en.wikipedia.org/wiki/List_of_countries_and_dependencies_by_population#cite_note-46,,
Spain,https://upload.wikimedia.org/wikipedia/en/thumb/9/9a/Flag_of_Spain.svg/40px-Flag_of_Spain.svg.png,https://en.wikipedia.org/wiki/Spain,"49,077,984",0.6%,1 Jan 2025,National quarterly estimate[36],https://en.wikipedia.org/wiki/List_of_countries_and_dependencies_by_population#cite_note-47,,
Algeria,https://upload.wikimedia.org/wikipedia/commons/thumb/7/77/Flag_of_Algeria.svg/40px-Flag_of_Algeria.svg.png,https://en.wikipedia.org/wiki/Algeria,"47,400,000",0.6%,1 Jan 2025,National annual projection[37],https://en.wikipedia.org/wiki/List_of_countries_and_dependencies_by_population#cite_note-48,,
Argentina,https://upload.wikimedia.org/wikipedia/commons/thumb/1/1a/Flag_of_Argentina.svg/40px-Flag_of_Argentina.svg.png,https://en.wikipedia.org/wiki/Argentina,"47,067,641",0.6%,1 Jul 2024,National annual projection[38],https://en.wikipedia.org/wiki/List_of_countries_and_dependencies_by_population#cite_note-49,,
Uganda,https://upload.wikimedia.org/wikipedia/commons/thumb/4/4e/Flag_of_Uganda.svg/40px-Flag_of_Uganda.svg.png,https://en.wikipedia.org/wiki/Uganda,"45,905,417",0.6%,10 May 2024,2024 census result[39],https://en.wikipedia.org/wiki/List_of_countries_and_dependencies_by_population#cite_note-50,,
Iraq,https://upload.wikimedia.org/wikipedia/commons/thumb/f/f6/Flag_of_Iraq.svg/40px-Flag_of_Iraq.svg.png,https://en.wikipedia.org/wiki/Iraq,"44,414,800",0.5%,1 Jul 2024,Official estimate[40],https://en.wikipedia.org/wiki/List_of_countries_and_dependencies_by_population#cite_note-51,,
Afghanistan,https://upload.wikimedia.org/wikipedia/commons/thumb/5/5c/Flag_of_the_Taliban.svg/40px-Flag_of_the_Taliban.svg.png,https://en.wikipedia.org/wiki/Afghanistan,"42,045,000",0.5%,1 Jul 2024,UN projection[41][42] (see note),https://en.wikipedia.org/wiki/List_of_countries_and_dependencies_by_population#cite_note-52,[l],https://en.wikipedia.org/wiki/List_of_countries_and_dependencies_by_population#cite_note-60
Canada,https://upload.wikimedia.org/wikipedia/commons/thumb/d/d9/Flag_of_Canada_%28Pantone%29.svg/40px-Flag_of_Canada_%28Pantone%29.svg.png,https://en.wikipedia.org/wiki/Canada,"41,528,680",0.5%,1 Jan 2025,National quarterly estimate[49],https://en.wikipedia.org/wiki/List_of_countries_and_dependencies_by_population#cite_note-61,,
Uzbekistan,https://upload.wikimedia.org/wikipedia/commons/thumb/8/84/Flag_of_Uzbekistan.svg/40px-Flag_of_Uzbekistan.svg.png,https://en.wikipedia.org/wiki/Uzbekistan,"37,543,167",0.5%,1 Jan 2025,National quarterly estimate[50],https://en.wikipedia.org/wiki/List_of_countries_and_dependencies_by_population#cite_note-62,,
Poland,https://upload.wikimedia.org/wikipedia/en/thumb/1/12/Flag_of_Poland.svg/23px-Flag_of_Poland.svg.png,https://en.wikipedia.org/wiki/Poland,"37,470,000",0.5%,31 Jan 2025,Monthly national estimate[51],https://en.wikipedia.org/wiki/List_of_countries_and_dependencies_by_population#cite_note-63,,
Morocco,https://upload.wikimedia.org/wikipedia/commons/thumb/2/2c/Flag_of_Morocco.svg/40px-Flag_of_Morocco.svg.png,https://en.wikipedia.org/wiki/Morocco,"36,828,330",0.5%,1 Sep 2024,2024 census result[52],https://en.wikipedia.org/wiki/List_of_countries_and_dependencies_by_population#cite_note-64,[m],https://en.wikipedia.org/wiki/List_of_countries_and_dependencies_by_population#cite_note-65
Angola,https://upload.wikimedia.org/wikipedia/commons/thumb/9/9d/Flag_of_Angola.svg/40px-Flag_of_Angola.svg.png,https://en.wikipedia.org/wiki/Angola,"35,121,734",0.4%,1 Jun 2024,National annual projection[53],https://en.wikipedia.org/wiki/List_of_countries_and_dependencies_by_population#cite_note-66,,
Malaysia,https://upload.wikimedia.org/wikipedia/commons/thumb/6/66/Flag_of_Malaysia.svg/40px-Flag_of_Malaysia.svg.png,https://en.wikipedia.org/wiki/Malaysia,"34,157,500",0.4%,31 Dec 2024,National quarterly estimate[54],https://en.wikipedia.org/wiki/List_of_countries_and_dependencies_by_population#cite_note-67,,
Peru,https://upload.wikimedia.org/wikipedia/commons/thumb/c/cf/Flag_of_Peru.svg/40px-Flag_of_Peru.svg.png,https://en.wikipedia.org/wiki/Peru,"34,038,457",0.4%,1 Jul 2024,National annual projection[55],https://en.wikipedia.org/wiki/List_of_countries_and_dependencies_by_population#cite_note-68,,
Mozambique,https://upload.wikimedia.org/wikipedia/commons/thumb/d/d0/Flag_of_Mozambique.svg/40px-Flag_of_Mozambique.svg.png,https://en.wikipedia.org/wiki/Mozambique,"33,244,414",0.4%,1 Jul 2024,National annual projection[56],https://en.wikipedia.org/wiki/List_of_countries_and_dependencies_by_population#cite_note-69,,
Ghana,https://upload.wikimedia.org/wikipedia/commons/thumb/1/19/Flag_of_Ghana.svg/40px-Flag_of_Ghana.svg.png,https://en.wikipedia.org/wiki/Ghana,"33,007,618",0.4%,1 Jul 2024,National annual projection[57],https://en.wikipedia.org/wiki/List_of_countries_and_dependencies_by_population#cite_note-70,,
Ukraine,https://upload.wikimedia.org/wikipedia/commons/thumb/4/49/Flag_of_Ukraine.svg/40px-Flag_of_Ukraine.svg.png,https://en.wikipedia.org/wiki/Ukraine,"32,962,000",0.4%,1 Jan 2025,IMF estimate[58],https://en.wikipedia.org/wiki/List_of_countries_and_dependencies_by_population#cite_note-71,[n],https://en.wikipedia.org/wiki/List_of_countries_and_dependencies_by_population#cite_note-72
Yemen,https://upload.wikimedia.org/wikipedia/commons/thumb/8/89/Flag_of_Yemen.svg/40px-Flag_of_Yemen.svg.png,https://en.wikipedia.org/wiki/Yemen,"32,305,264",0.4%,1 Jul 2022,Official estimate[59],https://en.wikipedia.org/wiki/List_of_countries_and_dependencies_by_population#cite_note-73,,
Saudi Arabia,https://upload.wikimedia.org/wikipedia/commons/thumb/0/0d/Flag_of_Saudi_Arabia.svg/40px-Flag_of_Saudi_Arabia.svg.png,https://en.wikipedia.org/wiki/Saudi_Arabia,"32,175,224",0.4%,10 May 2022,2022 census result[60],https://en.wikipedia.org/wiki/List_of_countries_and_dependencies_by_population#cite_note-74,,
Madagascar,https://upload.wikimedia.org/wikipedia/commons/thumb/b/bc/Flag_of_Madagascar.svg/40px-Flag_of_Madagascar.svg.png,https://en.wikipedia.org/wiki/Madagascar,"30,811,969",0.4%,1 Jul 2024,National annual projection[61],https://en.wikipedia.org/wiki/List_of_countries_and_dependencies_by_population#cite_note-75,,
Ivory Coast,https://upload.wikimedia.org/wikipedia/commons/thumb/f/fe/Flag_of_C%C3%B4te_d%27Ivoire.svg/40px-Flag_of_C%C3%B4te_d%27Ivoire.svg.png,https://en.wikipedia.org/wiki/Ivory_Coast,"29,389,150",0.4%,14 Dec 2021,2021 census result[62],https://en.wikipedia.org/wiki/List_of_countries_and_dependencies_by_population#cite_note-76,,
Nepal,https://upload.wikimedia.org/wikipedia/commons/thumb/9/9b/Flag_of_Nepal.svg/20px-Flag_of_Nepal.svg.png,https://en.wikipedia.org/wiki/Nepal,"29,164,578",0.4%,25 Nov 2021,2021 census result[63],https://en.wikipedia.org/wiki/List_of_countries_and_dependencies_by_population#cite_note-77,,
Cameroon,https://upload.wikimedia.org/wikipedia/commons/thumb/4/4f/Flag_of_Cameroon.svg/40px-Flag_of_Cameroon.svg.png,https://en.wikipedia.org/wiki/Cameroon,"28,758,503",0.4%,1 Jul 2024,National annual projection[64],https://en.wikipedia.org/wiki/List_of_countries_and_dependencies_by_population#cite_note-78,,
Venezuela,https://upload.wikimedia.org/wikipedia/commons/thumb/0/06/Flag_of_Venezuela.svg/40px-Flag_of_Venezuela.svg.png,https://en.wikipedia.org/wiki/Venezuela,"28,405,543",0.3%,1 Jul 2024,UN projection[65],https://en.wikipedia.org/wiki/List_of_countries_and_dependencies_by_population#cite_note-79,,
Australia,https://upload.wikimedia.org/wikipedia/commons/thumb/8/88/Flag_of_Australia_%28converted%29.svg/40px-Flag_of_Australia_%28converted%29.svg.png,https://en.wikipedia.org/wiki/Australia,"27,309,396",0.3%,30 Sep 2024,Official projection[66],https://en.wikipedia.org/wiki/List_of_countries_and_dependencies_by_population#cite_note-80,[o],https://en.wikipedia.org/wiki/List_of_countries_and_dependencies_by_population#cite_note-81
Niger,https://upload.wikimedia.org/wikipedia/commons/thumb/f/f4/Flag_of_Niger.svg/20px-Flag_of_Niger.svg.png,https://en.wikipedia.org/wiki/Niger,"26,312,034",0.3%,1 Jul 2024,National annual projection[67],https://en.wikipedia.org/wiki/List_of_countries_and_dependencies_by_population#cite_note-82,,
North Korea,https://upload.wikimedia.org/wikipedia/commons/thumb/5/51/Flag_of_North_Korea.svg/40px-Flag_of_North_Korea.svg.png,https://en.wikipedia.org/wiki/North_Korea,"25,950,000",0.3%,1 Jul 2024,National annual projection[68],https://en.wikipedia.org/wiki/List_of_countries_and_dependencies_by_population#cite_note-83,,
Syria,https://upload.wikimedia.org/wikipedia/commons/thumb/5/54/Flag_of_Syria_%282025-%29.svg/40px-Flag_of_Syria_%282025-%29.svg.png,https://en.wikipedia.org/wiki/Syria,"24,672,760",0.3%,1 Jul 2024,UN projection[69],https://en.wikipedia.org/wiki/List_of_countries_and_dependencies_by_population#cite_note-84,,
Burkina Faso,https://upload.wikimedia.org/wikipedia/commons/thumb/3/31/Flag_of_Burkina_Faso.svg/23px-Flag_of_Burkina_Faso.svg.png,https://en.wikipedia.org/wiki/Burkina_Faso,"23,409,015",0.3%,1 Jul 2024,National projection[70],https://en.wikipedia.org/wiki/List_of_countries_and_dependencies_by_population#cite_note-85,,
Taiwan,https://upload.wikimedia.org/wikipedia/commons/thumb/7/72/Flag_of_the_Republic_of_China.svg/40px-Flag_of_the_Republic_of_China.svg.png,https://en.wikipedia.org/wiki/Taiwan,"23,374,742",0.3%,31 Mar 2025,Official estimate[71],https://en.wikipedia.org/wiki/List_of_countries_and_dependencies_by_population#cite_note-86,[p],https://en.wikipedia.org/wiki/List_of_countries_and_dependencies_by_population#cite_note-87
Mali,https://upload.wikimedia.org/wikipedia/commons/thumb/9/92/Flag_of_Mali.svg/40px-Flag_of_Mali.svg.png,https://en.wikipedia.org/wiki/Mali,"22,395,489",0.3%,15 Jun 2022,2022 census result[72],https://en.wikipedia.org/wiki/List_of_countries_and_dependencies_by_population#cite_note-88,,
Sri Lanka,https://upload.wikimedia.org/wikipedia/commons/thumb/1/11/Flag_of_Sri_Lanka.svg/40px-Flag_of_Sri_Lanka.svg.png,https://en.wikipedia.org/wiki/Sri_Lanka,"21,763,170",0.3%,24 Mar 2025,Official estimate[73],https://en.wikipedia.org/wiki/List_of_countries_and_dependencies_by_population#cite_note-89,,
Kazakhstan,https://upload.wikimedia.org/wikipedia/commons/thumb/d/d3/Flag_of_Kazakhstan.svg/40px-Flag_of_Kazakhstan.svg.png,https://en.wikipedia.org/wiki/Kazakhstan,"20,316,155",0.2%,1 Mar 2025,Official estimate[74],https://en.wikipedia.org/wiki/List_of_countries_and_dependencies_by_population#cite_note-90,,
Malawi,https://upload.wikimedia.org/wikipedia/commons/thumb/d/d1/Flag_of_Malawi.svg/40px-Flag_of_Malawi.svg.png,https://en.wikipedia.org/wiki/Malawi,"20,270,568",0.2%,1 Jul 2024,National annual projection[75],https://en.wikipedia.org/wiki/List_of_countries_and_dependencies_by_population#cite_note-91,,
Chile,https://upload.wikimedia.org/wikipedia/commons/thumb/7/78/Flag_of_Chile.svg/40px-Flag_of_Chile.svg.png,https://en.wikipedia.org/wiki/Chile,"20,086,377",0.2%,30 Jun 2024,National annual projection[76],https://en.wikipedia.org/wiki/List_of_countries_and_dependencies_by_population#cite_note-92,,
Zambia,https://upload.wikimedia.org/wikipedia/commons/thumb/0/06/Flag_of_Zambia.svg/40px-Flag_of_Zambia.svg.png,https://en.wikipedia.org/wiki/Zambia,"19,610,769",0.2%,14 Sep 2022,2022 census result[77],https://en.wikipedia.org/wiki/List_of_countries_and_dependencies_by_population#cite_note-93,,
Romania,https://upload.wikimedia.org/wikipedia/commons/thumb/7/73/Flag_of_Romania.svg/23px-Flag_of_Romania.svg.png,https://en.wikipedia.org/wiki/Romania,"19,064,409",0.2%,1 Jan 2024,Official estimate[78],https://en.wikipedia.org/wiki/List_of_countries_and_dependencies_by_population#cite_note-94,,
Somalia,https://upload.wikimedia.org/wikipedia/commons/thumb/a/a0/Flag_of_Somalia.svg/23px-Flag_of_Somalia.svg.png,https://en.wikipedia.org/wiki/Somalia,"19,009,151",0.2%,1 Jul 2024,UN projection[79],https://en.wikipedia.org/wiki/List_of_countries_and_dependencies_by_population#cite_note-95,[q],https://en.wikipedia.org/wiki/List_of_countries_and_dependencies_by_population#cite_note-96
Chad,https://upload.wikimedia.org/wikipedia/commons/thumb/4/4b/Flag_of_Chad.svg/40px-Flag_of_Chad.svg.png,https://en.wikipedia.org/wiki/Chad,"18,675,547",0.2%,1 Jul 2024,National annual projection[80],https://en.wikipedia.org/wiki/List_of_countries_and_dependencies_by_population#cite_note-97,,
Senegal,https://upload.wikimedia.org/wikipedia/commons/thumb/f/fd/Flag_of_Senegal.svg/40px-Flag_of_Senegal.svg.png,https://en.wikipedia.org/wiki/Senegal,"18,126,390",0.2%,15 May 2023,2023 census result[81],https://en.wikipedia.org/wiki/List_of_countries_and_dependencies_by_population#cite_note-98,,
Netherlands,https://upload.wikimedia.org/wikipedia/commons/thumb/2/20/Flag_of_the_Netherlands.svg/40px-Flag_of_the_Netherlands.svg.png,https://en.wikipedia.org/wiki/Netherlands,"18,060,445",0.2%,28 Feb 2025,Official estimate[82],https://en.wikipedia.org/wiki/List_of_countries_and_dependencies_by_population#cite_note-99,[r],https://en.wikipedia.org/wiki/List_of_countries_and_dependencies_by_population#cite_note-100
Guatemala,https://upload.wikimedia.org/wikipedia/commons/thumb/e/ec/Flag_of_Guatemala.svg/40px-Flag_of_Guatemala.svg.png,https://en.wikipedia.org/wiki/Guatemala,"17,843,132",0.2%,1 Jul 2024,National annual projection[83],https://en.wikipedia.org/wiki/List_of_countries_and_dependencies_by_population#cite_note-101,,
Cambodia,https://upload.wikimedia.org/wikipedia/commons/thumb/8/83/Flag_of_Cambodia.svg/40px-Flag_of_Cambodia.svg.png,https://en.wikipedia.org/wiki/Cambodia,"17,336,307",0.2%,1 Jul 2024,Official projection[84],https://en.wikipedia.org/wiki/List_of_countries_and_dependencies_by_population#cite_note-102,,
Ecuador,https://upload.wikimedia.org/wikipedia/commons/thumb/e/e8/Flag_of_Ecuador.svg/40px-Flag_of_Ecuador.svg.png,https://en.wikipedia.org/wiki/Ecuador,"16,938,986",0.2%,1 Oct 2022,2022 census result[85],https://en.wikipedia.org/wiki/List_of_countries_and_dependencies_by_population#cite_note-103,,
Zimbabwe,https://upload.wikimedia.org/wikipedia/commons/thumb/6/6a/Flag_of_Zimbabwe.svg/40px-Flag_of_Zimbabwe.svg.png,https://en.wikipedia.org/wiki/Zimbabwe,"16,751,469",0.2%,1 Jul 2024,Official projection[86],https://en.wikipedia.org/wiki/List_of_countries_and_dependencies_by_population#cite_note-104,,
South Sudan,https://upload.wikimedia.org/wikipedia/commons/thumb/7/7a/Flag_of_South_Sudan.svg/40px-Flag_of_South_Sudan.svg.png,https://en.wikipedia.org/wiki/South_Sudan,"15,254,268",0.2%,1 Jul 2023,National annual projection[87],https://en.wikipedia.org/wiki/List_of_countries_and_dependencies_by_population#cite_note-105,,
Guinea,https://upload.wikimedia.org/wikipedia/commons/thumb/e/ed/Flag_of_Guinea.svg/40px-Flag_of_Guinea.svg.png,https://en.wikipedia.org/wiki/Guinea,"14,363,931",0.2%,1 Jul 2025,National annual projection[88],https://en.wikipedia.org/wiki/List_of_countries_and_dependencies_by_population#cite_note-106,,
Rwanda,https://upload.wikimedia.org/wikipedia/commons/thumb/1/17/Flag_of_Rwanda.svg/23px-Flag_of_Rwanda.svg.png,https://en.wikipedia.org/wiki/Rwanda,"13,798,561",0.2%,1 Jul 2024,National annual projection[89],https://en.wikipedia.org/wiki/List_of_countries_and_dependencies_by_population#cite_note-107,,
Benin,https://upload.wikimedia.org/wikipedia/commons/thumb/0/0a/Flag_of_Benin.svg/40px-Flag_of_Benin.svg.png,https://en.wikipedia.org/wiki/Benin,"12,910,087",0.2%,1 Jul 2024,National annual projection[90],https://en.wikipedia.org/wiki/List_of_countries_and_dependencies_by_population#cite_note-108,,
Burundi,https://upload.wikimedia.org/wikipedia/commons/thumb/5/50/Flag_of_Burundi.svg/40px-Flag_of_Burundi.svg.png,https://en.wikipedia.org/wiki/Burundi,"12,837,740",0.2%,1 Jul 2022,National annual projection[91],https://en.wikipedia.org/wiki/List_of_countries_and_dependencies_by_population#cite_note-109,,
Tunisia,https://upload.wikimedia.org/wikipedia/commons/thumb/c/ce/Flag_of_Tunisia.svg/40px-Flag_of_Tunisia.svg.png,https://en.wikipedia.org/wiki/Tunisia,"11,887,412",0.1%,1 Jan 2024,National estimate[92],https://en.wikipedia.org/wiki/List_of_countries_and_dependencies_by_population#cite_note-110,,
Haiti,https://upload.wikimedia.org/wikipedia/commons/thumb/5/56/Flag_of_Haiti.svg/40px-Flag_of_Haiti.svg.png,https://en.wikipedia.org/wiki/Haiti,"11,867,032",0.1%,1 Jul 2024,National annual projection[93],https://en.wikipedia.org/wiki/List_of_countries_and_dependencies_by_population#cite_note-111,,
Belgium,https://upload.wikimedia.org/wikipedia/commons/thumb/9/92/Flag_of_Belgium_%28civil%29.svg/40px-Flag_of_Belgium_%28civil%29.svg.png,https://en.wikipedia.org/wiki/Belgium,"11,812,354",0.1%,1 Jan 2025,Official estimate[94],https://en.wikipedia.org/wiki/List_of_countries_and_dependencies_by_population#cite_note-112,,
Papua New Guinea,https://upload.wikimedia.org/wikipedia/commons/thumb/e/e3/Flag_of_Papua_New_Guinea.svg/20px-Flag_of_Papua_New_Guinea.svg.png,https://en.wikipedia.org/wiki/Papua_New_Guinea,"11,781,559",0.1%,1 Jul 2021,National estimate[95],https://en.wikipedia.org/wiki/List_of_countries_and_dependencies_by_population#cite_note-113,,
Jordan,https://upload.wikimedia.org/wikipedia/commons/thumb/c/c0/Flag_of_Jordan.svg/40px-Flag_of_Jordan.svg.png,https://en.wikipedia.org/wiki/Jordan,"11,734,000",0.1%,31 Dec 2024,National estimate[96],https://en.wikipedia.org/wiki/List_of_countries_and_dependencies_by_population#cite_note-114,,
Bolivia,https://upload.wikimedia.org/wikipedia/commons/thumb/4/48/Flag_of_Bolivia.svg/40px-Flag_of_Bolivia.svg.png,https://en.wikipedia.org/wiki/Bolivia,"11,312,620",0.1%,23 Mar 2024,2024 census result[97],https://en.wikipedia.org/wiki/List_of_countries_and_dependencies_by_population#cite_note-115,,
Cuba,https://upload.wikimedia.org/wikipedia/commons/thumb/b/bd/Flag_of_Cuba.svg/40px-Flag_of_Cuba.svg.png,https://en.wikipedia.org/wiki/Cuba,"11,089,511",0.1%,31 Dec 2022,Official estimate[98],https://en.wikipedia.org/wiki/List_of_countries_and_dependencies_by_population#cite_note-116,,
Czech Republic,https://upload.wikimedia.org/wikipedia/commons/thumb/c/cb/Flag_of_the_Czech_Republic.svg/40px-Flag_of_the_Czech_Republic.svg.png,https://en.wikipedia.org/wiki/Czech_Republic,"10,909,500",0.1%,31 Dec 2024,Official estimate[99],https://en.wikipedia.org/wiki/List_of_countries_and_dependencies_by_population#cite_note-117,,
Dominican Republic,https://upload.wikimedia.org/wikipedia/commons/thumb/9/9f/Flag_of_the_Dominican_Republic.svg/40px-Flag_of_the_Dominican_Republic.svg.png,https://en.wikipedia.org/wiki/Dominican_Republic,"10,771,504",0.1%,10 Nov 2022,2022 census result[100],https://en.wikipedia.org/wiki/List_of_countries_and_dependencies_by_population#cite_note-118,,
United Arab Emirates,https://upload.wikimedia.org/wikipedia/commons/thumb/c/cb/Flag_of_the_United_Arab_Emirates.svg/40px-Flag_of_the_United_Arab_Emirates.svg.png,https://en.wikipedia.org/wiki/United_Arab_Emirates,"10,678,556",0.1%,31 Dec 2023,Official estimate[101],https://en.wikipedia.org/wiki/List_of_countries_and_dependencies_by_population#cite_note-119,,
Portugal,https://upload.wikimedia.org/wikipedia/commons/thumb/5/5c/Flag_of_Portugal.svg/40px-Flag_of_Portugal.svg.png,https://en.wikipedia.org/wiki/Portugal,"10,639,726",0.1%,31 Dec 2023,2023 estimate[102],https://en.wikipedia.org/wiki/List_of_countries_and_dependencies_by_population#cite_note-120,,
Sweden,https://upload.wikimedia.org/wikipedia/en/thumb/4/4c/Flag_of_Sweden.svg/40px-Flag_of_Sweden.svg.png,https://en.wikipedia.org/wiki/Sweden,"10,587,970",0.1%,28 Feb 2025,Monthly national estimate[103],https://en.wikipedia.org/wiki/List_of_countries_and_dependencies_by_population#cite_note-121,,
Greece,https://upload.wikimedia.org/wikipedia/commons/thumb/5/5c/Flag_of_Greece.svg/40px-Flag_of_Greece.svg.png,https://en.wikipedia.org/wiki/Greece,"10,400,720",0.1%,1 Jan 2024,Official estimate[104],https://en.wikipedia.org/wiki/List_of_countries_and_dependencies_by_population#cite_note-122,,
Tajikistan,https://upload.wikimedia.org/wikipedia/commons/thumb/d/d0/Flag_of_Tajikistan.svg/40px-Flag_of_Tajikistan.svg.png,https://en.wikipedia.org/wiki/Tajikistan,"10,277,100",0.1%,1 Jan 2024,Official estimate[105],https://en.wikipedia.org/wiki/List_of_countries_and_dependencies_by_population#cite_note-123,,
Azerbaijan,https://upload.wikimedia.org/wikipedia/commons/thumb/d/dd/Flag_of_Azerbaijan.svg/40px-Flag_of_Azerbaijan.svg.png,https://en.wikipedia.org/wiki/Azerbaijan,"10,218,536",0.1%,1 Nov 2024,Monthly national estimate[106],https://en.wikipedia.org/wiki/List_of_countries_and_dependencies_by_population#cite_note-124,,
Israel,https://upload.wikimedia.org/wikipedia/commons/thumb/d/d4/Flag_of_Israel.svg/21px-Flag_of_Israel.svg.png,https://en.wikipedia.org/wiki/Israel,"10,045,100",0.1%,28 Feb 2025,National monthly estimate[107],https://en.wikipedia.org/wiki/List_of_countries_and_dependencies_by_population#cite_note-125,[s],https://en.wikipedia.org/wiki/List_of_countries_and_dependencies_by_population#cite_note-126
Honduras,https://upload.wikimedia.org/wikipedia/commons/thumb/8/82/Flag_of_Honduras.svg/40px-Flag_of_Honduras.svg.png,https://en.wikipedia.org/wiki/Honduras,"9,892,632",0.1%,1 Jul 2024,National annual projection[108],https://en.wikipedia.org/wiki/List_of_countries_and_dependencies_by_population#cite_note-127,,
Hungary,https://upload.wikimedia.org/wikipedia/commons/thumb/c/c1/Flag_of_Hungary.svg/40px-Flag_of_Hungary.svg.png,https://en.wikipedia.org/wiki/Hungary,"9,540,000",0.1%,1 Jan 2025,Official estimate[109],https://en.wikipedia.org/wiki/List_of_countries_and_dependencies_by_population#cite_note-128,,
Austria,https://upload.wikimedia.org/wikipedia/commons/thumb/4/41/Flag_of_Austria.svg/40px-Flag_of_Austria.svg.png,https://en.wikipedia.org/wiki/Austria,"9,198,214",0.1%,1 Jan 2025,National quarterly estimate[110],https://en.wikipedia.org/wiki/List_of_countries_and_dependencies_by_population#cite_note-129,,
Belarus,https://upload.wikimedia.org/wikipedia/commons/thumb/8/85/Flag_of_Belarus.svg/40px-Flag_of_Belarus.svg.png,https://en.wikipedia.org/wiki/Belarus,"9,109,280",0.1%,1 Jan 2025,Official estimate[111],https://en.wikipedia.org/wiki/List_of_countries_and_dependencies_by_population#cite_note-130,,
Switzerland,https://upload.wikimedia.org/wikipedia/commons/thumb/0/08/Flag_of_Switzerland_%28Pantone%29.svg/20px-Flag_of_Switzerland_%28Pantone%29.svg.png,https://en.wikipedia.org/wiki/Switzerland,"9,027,859",0.1%,30 Sep 2024,National quarterly estimate[112],https://en.wikipedia.org/wiki/List_of_countries_and_dependencies_by_population#cite_note-131,,
Sierra Leone,https://upload.wikimedia.org/wikipedia/commons/thumb/1/17/Flag_of_Sierra_Leone.svg/23px-Flag_of_Sierra_Leone.svg.png,https://en.wikipedia.org/wiki/Sierra_Leone,"8,884,032",0.1%,1 Jul 2024,National annual projection[113],https://en.wikipedia.org/wiki/List_of_countries_and_dependencies_by_population#cite_note-132,,
Togo,https://upload.wikimedia.org/wikipedia/commons/thumb/7/7a/Flag_of_Togo_%283-2%29.svg/40px-Flag_of_Togo_%283-2%29.svg.png,https://en.wikipedia.org/wiki/Togo,"8,095,498",0.10%,8 Nov 2022,2022 census result[114],https://en.wikipedia.org/wiki/List_of_countries_and_dependencies_by_population#cite_note-133,,
Laos,https://upload.wikimedia.org/wikipedia/commons/thumb/5/56/Flag_of_Laos.svg/40px-Flag_of_Laos.svg.png,https://en.wikipedia.org/wiki/Laos,"7,546,000",0.09%,1 Jul 2023,National annual projection[115],https://en.wikipedia.org/wiki/List_of_countries_and_dependencies_by_population#cite_note-134,,
Hong Kong (China),https://upload.wikimedia.org/wikipedia/commons/thumb/5/5b/Flag_of_Hong_Kong.svg/40px-Flag_of_Hong_Kong.svg.png,https://en.wikipedia.org/wiki/Hong_Kong,"7,534,200",0.09%,31 Dec 2024,National estimate[116],https://en.wikipedia.org/wiki/List_of_countries_and_dependencies_by_population#cite_note-135,,
Libya,https://upload.wikimedia.org/wikipedia/commons/thumb/0/05/Flag_of_Libya.svg/40px-Flag_of_Libya.svg.png,https://en.wikipedia.org/wiki/Libya,"7,381,023",0.09%,1 Jul 2024,UN projection[117],https://en.wikipedia.org/wiki/List_of_countries_and_dependencies_by_population#cite_note-136,,
Kyrgyzstan,https://upload.wikimedia.org/wikipedia/commons/thumb/c/c7/Flag_of_Kyrgyzstan.svg/40px-Flag_of_Kyrgyzstan.svg.png,https://en.wikipedia.org/wiki/Kyrgyzstan,"7,161,900",0.09%,1 Jan 2024,Monthly national estimate[118],https://en.wikipedia.org/wiki/List_of_countries_and_dependencies_by_population#cite_note-137,,
Turkmenistan,https://upload.wikimedia.org/wikipedia/commons/thumb/1/1b/Flag_of_Turkmenistan.svg/40px-Flag_of_Turkmenistan.svg.png,https://en.wikipedia.org/wiki/Turkmenistan,"7,057,841",0.09%,17 Dec 2022,2022 census result[119],https://en.wikipedia.org/wiki/List_of_countries_and_dependencies_by_population#cite_note-138,,
Nicaragua,https://upload.wikimedia.org/wikipedia/commons/thumb/1/19/Flag_of_Nicaragua.svg/40px-Flag_of_Nicaragua.svg.png,https://en.wikipedia.org/wiki/Nicaragua,"6,803,886",0.08%,30 Jun 2023,Official estimate[120],https://en.wikipedia.org/wiki/List_of_countries_and_dependencies_by_population#cite_note-139,,
Serbia,https://upload.wikimedia.org/wikipedia/commons/thumb/f/ff/Flag_of_Serbia.svg/40px-Flag_of_Serbia.svg.png,https://en.wikipedia.org/wiki/Serbia,"6,605,168",0.08%,1 Jan 2024,Official estimate[121],https://en.wikipedia.org/wiki/List_of_countries_and_dependencies_by_population#cite_note-140,[t],https://en.wikipedia.org/wiki/List_of_countries_and_dependencies_by_population#cite_note-141
Central African Republic,https://upload.wikimedia.org/wikipedia/commons/thumb/6/6f/Flag_of_the_Central_African_Republic.svg/23px-Flag_of_the_Central_African_Republic.svg.png,https://en.wikipedia.org/wiki/Central_African_Republic,"6,470,307",0.08%,1 Jul 2024,National annual projection[122],https://en.wikipedia.org/wiki/List_of_countries_and_dependencies_by_population#cite_note-142,,
Bulgaria,https://upload.wikimedia.org/wikipedia/commons/thumb/9/9a/Flag_of_Bulgaria.svg/40px-Flag_of_Bulgaria.svg.png,https://en.wikipedia.org/wiki/Bulgaria,"6,445,481",0.08%,31 Dec 2023,Official annual estimate[123],https://en.wikipedia.org/wiki/List_of_countries_and_dependencies_by_population#cite_note-143,,
Republic of the Congo,https://upload.wikimedia.org/wikipedia/commons/thumb/9/92/Flag_of_the_Republic_of_the_Congo.svg/40px-Flag_of_the_Republic_of_the_Congo.svg.png,https://en.wikipedia.org/wiki/Republic_of_the_Congo,"6,142,180",0.08%,17 May 2023,2023 census result[124],https://en.wikipedia.org/wiki/List_of_countries_and_dependencies_by_population#cite_note-144,,
Paraguay,https://upload.wikimedia.org/wikipedia/commons/thumb/2/27/Flag_of_Paraguay.svg/40px-Flag_of_Paraguay.svg.png,https://en.wikipedia.org/wiki/Paraguay,"6,109,644",0.07%,10 Nov 2022,Preliminary census result[125],https://en.wikipedia.org/wiki/List_of_countries_and_dependencies_by_population#cite_note-145,,
Singapore,https://upload.wikimedia.org/wikipedia/commons/thumb/4/48/Flag_of_Singapore.svg/40px-Flag_of_Singapore.svg.png,https://en.wikipedia.org/wiki/Singapore,"6,036,900",0.07%,30 Jun 2024,Official estimate[126],https://en.wikipedia.org/wiki/List_of_countries_and_dependencies_by_population#cite_note-146,,
El Salvador,https://upload.wikimedia.org/wikipedia/commons/thumb/3/34/Flag_of_El_Salvador.svg/40px-Flag_of_El_Salvador.svg.png,https://en.wikipedia.org/wiki/El_Salvador,"6,029,976",0.07%,2 May 2024,2024 census result[127],https://en.wikipedia.org/wiki/List_of_countries_and_dependencies_by_population#cite_note-147,,
Denmark,https://upload.wikimedia.org/wikipedia/commons/thumb/9/9c/Flag_of_Denmark.svg/20px-Flag_of_Denmark.svg.png,https://en.wikipedia.org/wiki/Denmark,"5,992,734",0.07%,1 Jan 2025,National quarterly estimate[128],https://en.wikipedia.org/wiki/List_of_countries_and_dependencies_by_population#cite_note-148,[u],https://en.wikipedia.org/wiki/List_of_countries_and_dependencies_by_population#cite_note-149
Finland,https://upload.wikimedia.org/wikipedia/commons/thumb/b/bc/Flag_of_Finland.svg/40px-Flag_of_Finland.svg.png,https://en.wikipedia.org/wiki/Finland,"5,639,600",0.07%,28 Feb 2025,Monthly national estimate[129],https://en.wikipedia.org/wiki/List_of_countries_and_dependencies_by_population#cite_note-pxnet2.stat.fi-150,[v],https://en.wikipedia.org/wiki/List_of_countries_and_dependencies_by_population#cite_note-151
Norway,https://upload.wikimedia.org/wikipedia/commons/thumb/d/d9/Flag_of_Norway.svg/40px-Flag_of_Norway.svg.png,https://en.wikipedia.org/wiki/Norway,"5,594,340",0.07%,31 Dec 2024,National quarterly estimate[130],https://en.wikipedia.org/wiki/List_of_countries_and_dependencies_by_population#cite_note-152,[w],https://en.wikipedia.org/wiki/List_of_countries_and_dependencies_by_population#cite_note-153
Lebanon,https://upload.wikimedia.org/wikipedia/commons/thumb/5/59/Flag_of_Lebanon.svg/40px-Flag_of_Lebanon.svg.png,https://en.wikipedia.org/wiki/Lebanon,"5,490,000",0.07%,1 Jul 2021,Official estimate[131],https://en.wikipedia.org/wiki/List_of_countries_and_dependencies_by_population#cite_note-154,,
Palestine,https://upload.wikimedia.org/wikipedia/commons/thumb/0/00/Flag_of_Palestine.svg/40px-Flag_of_Palestine.svg.png,https://en.wikipedia.org/wiki/Palestine,"5,483,450",0.07%,1 Jan 2023,National annual projection[132],https://en.wikipedia.org/wiki/List_of_countries_and_dependencies_by_population#cite_note-155,[x],https://en.wikipedia.org/wiki/List_of_countries_and_dependencies_by_population#cite_note-156
Slovakia,https://upload.wikimedia.org/wikipedia/commons/thumb/e/e6/Flag_of_Slovakia.svg/23px-Flag_of_Slovakia.svg.png,https://en.wikipedia.org/wiki/Slovakia,"5,419,451",0.07%,31 Dec 2024,National quarterly estimate[133],https://en.wikipedia.org/wiki/List_of_countries_and_dependencies_by_population#cite_note-157,,
Ireland,https://upload.wikimedia.org/wikipedia/commons/thumb/4/45/Flag_of_Ireland.svg/40px-Flag_of_Ireland.svg.png,https://en.wikipedia.org/wiki/Republic_of_Ireland,"5,380,300",0.07%,1 Apr 2024,National estimate[134],https://en.wikipedia.org/wiki/List_of_countries_and_dependencies_by_population#cite_note-158,,
New Zealand,https://upload.wikimedia.org/wikipedia/commons/thumb/3/3e/Flag_of_New_Zealand.svg/40px-Flag_of_New_Zealand.svg.png,https://en.wikipedia.org/wiki/New_Zealand,"5,356,700",0.07%,31 Dec 2024,National quarterly estimate[135],https://en.wikipedia.org/wiki/List_of_countries_and_dependencies_by_population#cite_note-159,[y],https://en.wikipedia.org/wiki/List_of_countries_and_dependencies_by_population#cite_note-160
Costa Rica,https://upload.wikimedia.org/wikipedia/commons/thumb/f/f2/Flag_of_Costa_Rica.svg/40px-Flag_of_Costa_Rica.svg.png,https://en.wikipedia.org/wiki/Costa_Rica,"5,309,625",0.06%,30 Jun 2024,National annual projection[136],https://en.wikipedia.org/wiki/List_of_countries_and_dependencies_by_population#cite_note-161,,
Oman,https://upload.wikimedia.org/wikipedia/commons/thumb/d/dd/Flag_of_Oman.svg/40px-Flag_of_Oman.svg.png,https://en.wikipedia.org/wiki/Oman,"5,274,249",0.06%,31 Jan 2025,Monthly national estimate[137],https://en.wikipedia.org/wiki/List_of_countries_and_dependencies_by_population#cite_note-162,,
Liberia,https://upload.wikimedia.org/wikipedia/commons/thumb/b/b8/Flag_of_Liberia.svg/40px-Flag_of_Liberia.svg.png,https://en.wikipedia.org/wiki/Liberia,"5,248,621",0.06%,10 Nov 2022,2022 census result[138],https://en.wikipedia.org/wiki/List_of_countries_and_dependencies_by_population#cite_note-163,,
Mauritania,https://upload.wikimedia.org/wikipedia/commons/thumb/4/43/Flag_of_Mauritania.svg/40px-Flag_of_Mauritania.svg.png,https://en.wikipedia.org/wiki/Mauritania,"4,927,532",0.06%,25 Dec 2023,2023 census result[139],https://en.wikipedia.org/wiki/List_of_countries_and_dependencies_by_population#cite_note-164,,
Kuwait,https://upload.wikimedia.org/wikipedia/commons/thumb/a/aa/Flag_of_Kuwait.svg/40px-Flag_of_Kuwait.svg.png,https://en.wikipedia.org/wiki/Kuwait,"4,913,271",0.06%,1 Jan 2024,Official estimate[140],https://en.wikipedia.org/wiki/List_of_countries_and_dependencies_by_population#cite_note-165,,
Panama,https://upload.wikimedia.org/wikipedia/commons/thumb/a/ab/Flag_of_Panama.svg/40px-Flag_of_Panama.svg.png,https://en.wikipedia.org/wiki/Panama,"4,064,780",0.05%,8 Jan 2023,2023 census result[141],https://en.wikipedia.org/wiki/List_of_countries_and_dependencies_by_population#cite_note-166,,
Croatia,https://upload.wikimedia.org/wikipedia/commons/thumb/1/1b/Flag_of_Croatia.svg/40px-Flag_of_Croatia.svg.png,https://en.wikipedia.org/wiki/Croatia,"3,859,686",0.05%,1 Jul 2023,Official estimate[142],https://en.wikipedia.org/wiki/List_of_countries_and_dependencies_by_population#cite_note-167,,
Georgia,https://upload.wikimedia.org/wikipedia/commons/thumb/0/0f/Flag_of_Georgia.svg/40px-Flag_of_Georgia.svg.png,https://en.wikipedia.org/wiki/Georgia_(country),"3,694,600",0.05%,1 Jan 2024,Official estimate[143],https://en.wikipedia.org/wiki/List_of_countries_and_dependencies_by_population#cite_note-168,[z],https://en.wikipedia.org/wiki/List_of_countries_and_dependencies_by_population#cite_note-169
Eritrea,https://upload.wikimedia.org/wikipedia/commons/thumb/2/29/Flag_of_Eritrea.svg/40px-Flag_of_Eritrea.svg.png,https://en.wikipedia.org/wiki/Eritrea,"3,535,603",0.04%,1 Jul 2024,UN projection[144],https://en.wikipedia.org/wiki/List_of_countries_and_dependencies_by_population#cite_note-170,,
Mongolia,https://upload.wikimedia.org/wikipedia/commons/thumb/4/4c/Flag_of_Mongolia.svg/40px-Flag_of_Mongolia.svg.png,https://en.wikipedia.org/wiki/Mongolia,"3,504,741",0.04%,31 Dec 2023,National annual projection[145],https://en.wikipedia.org/wiki/List_of_countries_and_dependencies_by_population#cite_note-171,,
Uruguay,https://upload.wikimedia.org/wikipedia/commons/thumb/f/fe/Flag_of_Uruguay.svg/40px-Flag_of_Uruguay.svg.png,https://en.wikipedia.org/wiki/Uruguay,"3,499,451",0.04%,31 May 2023,2023 National census[146],https://en.wikipedia.org/wiki/List_of_countries_and_dependencies_by_population#cite_note-172,,
Bosnia and Herzegovina,https://upload.wikimedia.org/wikipedia/commons/thumb/b/bf/Flag_of_Bosnia_and_Herzegovina.svg/40px-Flag_of_Bosnia_and_Herzegovina.svg.png,https://en.wikipedia.org/wiki/Bosnia_and_Herzegovina,"3,264,873",0.04%,1 Jul 2023,Official estimate[147][148],https://en.wikipedia.org/wiki/List_of_countries_and_dependencies_by_population#cite_note-173,,
Puerto Rico (US),https://upload.wikimedia.org/wikipedia/commons/thumb/2/28/Flag_of_Puerto_Rico.svg/40px-Flag_of_Puerto_Rico.svg.png,https://en.wikipedia.org/wiki/Puerto_Rico,"3,203,295",0.04%,1 Jul 2024,Annual projection[149],https://en.wikipedia.org/wiki/List_of_countries_and_dependencies_by_population#cite_note-census-175,,
Armenia,https://upload.wikimedia.org/wikipedia/commons/thumb/2/2f/Flag_of_Armenia.svg/40px-Flag_of_Armenia.svg.png,https://en.wikipedia.org/wiki/Armenia,"3,075,800",0.04%,1 Jan 2024,National quarterly estimate[150],https://en.wikipedia.org/wiki/List_of_countries_and_dependencies_by_population#cite_note-176,,
Namibia,https://upload.wikimedia.org/wikipedia/commons/thumb/0/00/Flag_of_Namibia.svg/40px-Flag_of_Namibia.svg.png,https://en.wikipedia.org/wiki/Namibia,"3,022,401",0.04%,24 Sep 2023,2023 National census[151],https://en.wikipedia.org/wiki/List_of_countries_and_dependencies_by_population#cite_note-177,,
Lithuania,https://upload.wikimedia.org/wikipedia/commons/thumb/1/11/Flag_of_Lithuania.svg/40px-Flag_of_Lithuania.svg.png,https://en.wikipedia.org/wiki/Lithuania,"2,889,402",0.04%,1 Apr 2025,Monthly national estimate[152],https://en.wikipedia.org/wiki/List_of_countries_and_dependencies_by_population#cite_note-178,,
Qatar,https://upload.wikimedia.org/wikipedia/commons/thumb/6/65/Flag_of_Qatar.svg/23px-Flag_of_Qatar.svg.png,https://en.wikipedia.org/wiki/Qatar,"2,857,822",0.03%,30 Jun 2024,Monthly national estimate[153],https://en.wikipedia.org/wiki/List_of_countries_and_dependencies_by_population#cite_note-179,,
Jamaica,https://upload.wikimedia.org/wikipedia/commons/thumb/0/0a/Flag_of_Jamaica.svg/40px-Flag_of_Jamaica.svg.png,https://en.wikipedia.org/wiki/Jamaica,"2,825,544",0.03%,1 Jul 2019,National projection[154],https://en.wikipedia.org/wiki/List_of_countries_and_dependencies_by_population#cite_note-180,,
Moldova,https://upload.wikimedia.org/wikipedia/commons/thumb/2/27/Flag_of_Moldova.svg/40px-Flag_of_Moldova.svg.png,https://en.wikipedia.org/wiki/Moldova,"2,423,300",0.03%,1 Jan 2024,Official estimate[155],https://en.wikipedia.org/wiki/List_of_countries_and_dependencies_by_population#cite_note-181,[aa],https://en.wikipedia.org/wiki/List_of_countries_and_dependencies_by_population#cite_note-182
Gambia,https://upload.wikimedia.org/wikipedia/commons/thumb/7/77/Flag_of_The_Gambia.svg/40px-Flag_of_The_Gambia.svg.png,https://en.wikipedia.org/wiki/The_Gambia,"2,417,471",0.03%,1 Jul 2022,National projection[156],https://en.wikipedia.org/wiki/List_of_countries_and_dependencies_by_population#cite_note-183,,
Botswana,https://upload.wikimedia.org/wikipedia/commons/thumb/f/fa/Flag_of_Botswana.svg/40px-Flag_of_Botswana.svg.png,https://en.wikipedia.org/wiki/Botswana,"2,410,338",0.03%,1 Jul 2021,National annual projection[157],https://en.wikipedia.org/wiki/List_of_countries_and_dependencies_by_population#cite_note-184,,
Gabon,https://upload.wikimedia.org/wikipedia/commons/thumb/0/04/Flag_of_Gabon.svg/20px-Flag_of_Gabon.svg.png,https://en.wikipedia.org/wiki/Gabon,"2,408,586",0.03%,1 Jul 2024,National annual projection[158],https://en.wikipedia.org/wiki/List_of_countries_and_dependencies_by_population#cite_note-185,,
Albania,https://upload.wikimedia.org/wikipedia/commons/thumb/3/36/Flag_of_Albania.svg/40px-Flag_of_Albania.svg.png,https://en.wikipedia.org/wiki/Albania,"2,402,113",0.03%,18 Sep 2023,2023 national census[159],https://en.wikipedia.org/wiki/List_of_countries_and_dependencies_by_population#cite_note-186,,
Lesotho,https://upload.wikimedia.org/wikipedia/commons/thumb/4/4a/Flag_of_Lesotho.svg/40px-Flag_of_Lesotho.svg.png,https://en.wikipedia.org/wiki/Lesotho,"2,306,000",0.03%,1 Jul 2023,Official projection[160],https://en.wikipedia.org/wiki/List_of_countries_and_dependencies_by_population#cite_note-187,,
Slovenia,https://upload.wikimedia.org/wikipedia/commons/thumb/f/f0/Flag_of_Slovenia.svg/23px-Flag_of_Slovenia.svg.png,https://en.wikipedia.org/wiki/Slovenia,"2,129,052",0.03%,1 Oct 2024,National quarterly estimate[161],https://en.wikipedia.org/wiki/List_of_countries_and_dependencies_by_population#cite_note-188,,
Latvia,https://upload.wikimedia.org/wikipedia/commons/thumb/8/84/Flag_of_Latvia.svg/40px-Flag_of_Latvia.svg.png,https://en.wikipedia.org/wiki/Latvia,"1,850,100",0.02%,1 Feb 2025,Monthly national estimate[162],https://en.wikipedia.org/wiki/List_of_countries_and_dependencies_by_population#cite_note-189,,
North Macedonia,https://upload.wikimedia.org/wikipedia/commons/thumb/7/79/Flag_of_North_Macedonia.svg/40px-Flag_of_North_Macedonia.svg.png,https://en.wikipedia.org/wiki/North_Macedonia,"1,826,247",0.02%,31 Dec 2023,Official estimate[163],https://en.wikipedia.org/wiki/List_of_countries_and_dependencies_by_population#cite_note-190,,
Guinea-Bissau,https://upload.wikimedia.org/wikipedia/commons/thumb/0/01/Flag_of_Guinea-Bissau.svg/40px-Flag_of_Guinea-Bissau.svg.png,https://en.wikipedia.org/wiki/Guinea-Bissau,"1,781,308",0.02%,1 Jul 2023,National annual projection[164],https://en.wikipedia.org/wiki/List_of_countries_and_dependencies_by_population#cite_note-191,,
Bahrain,https://upload.wikimedia.org/wikipedia/commons/thumb/2/2c/Flag_of_Bahrain.svg/40px-Flag_of_Bahrain.svg.png,https://en.wikipedia.org/wiki/Bahrain,"1,588,670",0.02%,1 Jul 2024,Official estimate[165],https://en.wikipedia.org/wiki/List_of_countries_and_dependencies_by_population#cite_note-192,,
Kosovo,https://upload.wikimedia.org/wikipedia/commons/thumb/1/1f/Flag_of_Kosovo.svg/40px-Flag_of_Kosovo.svg.png,https://en.wikipedia.org/wiki/Kosovo,"1,585,566",0.02%,4 Apr 2024,2024 national census[166],https://en.wikipedia.org/wiki/List_of_countries_and_dependencies_by_population#cite_note-193,,
Equatorial Guinea,https://upload.wikimedia.org/wikipedia/commons/thumb/3/31/Flag_of_Equatorial_Guinea.svg/40px-Flag_of_Equatorial_Guinea.svg.png,https://en.wikipedia.org/wiki/Equatorial_Guinea,"1,558,160",0.02%,1 Jul 2022,Official estimate[167],https://en.wikipedia.org/wiki/List_of_countries_and_dependencies_by_population#cite_note-194,,
Timor-Leste,https://upload.wikimedia.org/wikipedia/commons/thumb/2/26/Flag_of_East_Timor.svg/40px-Flag_of_East_Timor.svg.png,https://en.wikipedia.org/wiki/Timor-Leste,"1,373,024",0.02%,1 Jul 2024,National annual projection[168],https://en.wikipedia.org/wiki/List_of_countries_and_dependencies_by_population#cite_note-195,,
Estonia,https://upload.wikimedia.org/wikipedia/commons/thumb/8/8f/Flag_of_Estonia.svg/40px-Flag_of_Estonia.svg.png,https://en.wikipedia.org/wiki/Estonia,"1,369,285",0.02%,1 Jan 2025,Official estimate[169],https://en.wikipedia.org/wiki/List_of_countries_and_dependencies_by_population#cite_note-196,,
Trinidad and Tobago,https://upload.wikimedia.org/wikipedia/commons/thumb/6/64/Flag_of_Trinidad_and_Tobago.svg/40px-Flag_of_Trinidad_and_Tobago.svg.png,https://en.wikipedia.org/wiki/Trinidad_and_Tobago,"1,368,333",0.02%,30 Jun 2024,Official estimate[170],https://en.wikipedia.org/wiki/List_of_countries_and_dependencies_by_population#cite_note-197,,
Mauritius,https://upload.wikimedia.org/wikipedia/commons/thumb/7/77/Flag_of_Mauritius.svg/40px-Flag_of_Mauritius.svg.png,https://en.wikipedia.org/wiki/Mauritius,"1,244,477",0.02%,31 Dec 2024,National estimate[171],https://en.wikipedia.org/wiki/List_of_countries_and_dependencies_by_population#cite_note-198,,
Eswatini,https://upload.wikimedia.org/wikipedia/commons/thumb/f/fb/Flag_of_Eswatini.svg/40px-Flag_of_Eswatini.svg.png,https://en.wikipedia.org/wiki/Eswatini,"1,235,549",0.02%,1 Jul 2024,Official projection[172],https://en.wikipedia.org/wiki/List_of_countries_and_dependencies_by_population#cite_note-199,,
Djibouti,https://upload.wikimedia.org/wikipedia/commons/thumb/3/34/Flag_of_Djibouti.svg/40px-Flag_of_Djibouti.svg.png,https://en.wikipedia.org/wiki/Djibouti,"1,066,809",0.01%,20 May 2024,2024 census result[173],https://en.wikipedia.org/wiki/List_of_countries_and_dependencies_by_population#cite_note-200,,
Cyprus,https://upload.wikimedia.org/wikipedia/commons/thumb/d/d4/Flag_of_Cyprus.svg/23px-Flag_of_Cyprus.svg.png,https://en.wikipedia.org/wiki/Cyprus,"966,400",0.01%,31 Dec 2023,Official estimate[174],https://en.wikipedia.org/wiki/List_of_countries_and_dependencies_by_population#cite_note-201,[ab],https://en.wikipedia.org/wiki/List_of_countries_and_dependencies_by_population#cite_note-202
Fiji,https://upload.wikimedia.org/wikipedia/commons/thumb/b/ba/Flag_of_Fiji.svg/23px-Flag_of_Fiji.svg.png,https://en.wikipedia.org/wiki/Fiji,"900,869",0.01%,1 Jan 2025,National annual projection[175],https://en.wikipedia.org/wiki/List_of_countries_and_dependencies_by_population#cite_note-203,,
Comoros,https://upload.wikimedia.org/wikipedia/commons/thumb/9/94/Flag_of_the_Comoros.svg/40px-Flag_of_the_Comoros.svg.png,https://en.wikipedia.org/wiki/Comoros,"870,038",0.01%,2023,Official estimate[176],https://en.wikipedia.org/wiki/List_of_countries_and_dependencies_by_population#cite_note-204,,
Bhutan,https://upload.wikimedia.org/wikipedia/commons/thumb/9/91/Flag_of_Bhutan.svg/40px-Flag_of_Bhutan.svg.png,https://en.wikipedia.org/wiki/Bhutan,"777,224",0.010%,2024,National annual projection[177],https://en.wikipedia.org/wiki/List_of_countries_and_dependencies_by_population#cite_note-205,,
Guyana,https://upload.wikimedia.org/wikipedia/commons/thumb/9/99/Flag_of_Guyana.svg/40px-Flag_of_Guyana.svg.png,https://en.wikipedia.org/wiki/Guyana,"772,975",0.009%,1 Jul 2021,Official estimate[178],https://en.wikipedia.org/wiki/List_of_countries_and_dependencies_by_population#cite_note-206,,
Solomon Islands,https://upload.wikimedia.org/wikipedia/commons/thumb/7/74/Flag_of_the_Solomon_Islands.svg/40px-Flag_of_the_Solomon_Islands.svg.png,https://en.wikipedia.org/wiki/Solomon_Islands,"750,325",0.009%,1 Jul 2024,National annual projection[179],https://en.wikipedia.org/wiki/List_of_countries_and_dependencies_by_population#cite_note-207,,
Macau (China),https://upload.wikimedia.org/wikipedia/commons/thumb/6/63/Flag_of_Macau.svg/40px-Flag_of_Macau.svg.png,https://en.wikipedia.org/wiki/Macau,"688,300",0.008%,31 Dec 2024,National quarterly estimate[180],https://en.wikipedia.org/wiki/List_of_countries_and_dependencies_by_population#cite_note-208,,
Luxembourg,https://upload.wikimedia.org/wikipedia/commons/thumb/d/da/Flag_of_Luxembourg.svg/40px-Flag_of_Luxembourg.svg.png,https://en.wikipedia.org/wiki/Luxembourg,"672,050",0.008%,1 Jan 2024,Official estimate[181],https://en.wikipedia.org/wiki/List_of_countries_and_dependencies_by_population#cite_note-209,,
Montenegro,https://upload.wikimedia.org/wikipedia/commons/thumb/6/64/Flag_of_Montenegro.svg/40px-Flag_of_Montenegro.svg.png,https://en.wikipedia.org/wiki/Montenegro,"623,633",0.008%,31 Oct 2023,2023 census result[182],https://en.wikipedia.org/wiki/List_of_countries_and_dependencies_by_population#cite_note-210,,
Suriname,https://upload.wikimedia.org/wikipedia/commons/thumb/6/60/Flag_of_Suriname.svg/40px-Flag_of_Suriname.svg.png,https://en.wikipedia.org/wiki/Suriname,"616,500",0.008%,1 Jul 2021,Official estimate[183],https://en.wikipedia.org/wiki/List_of_countries_and_dependencies_by_population#cite_note-211,,
Western Sahara,https://upload.wikimedia.org/wikipedia/commons/thumb/2/26/Flag_of_the_Sahrawi_Arab_Democratic_Republic.svg/40px-Flag_of_the_Sahrawi_Arab_Democratic_Republic.svg.png,https://en.wikipedia.org/wiki/Western_Sahara,"590,506",0.007%,1 Jul 2024,UN projection[184],https://en.wikipedia.org/wiki/List_of_countries_and_dependencies_by_population#cite_note-212,[ac],https://en.wikipedia.org/wiki/List_of_countries_and_dependencies_by_population#cite_note-215
Malta,https://upload.wikimedia.org/wikipedia/commons/thumb/7/73/Flag_of_Malta.svg/40px-Flag_of_Malta.svg.png,https://en.wikipedia.org/wiki/Malta,"563,443",0.007%,31 Dec 2023,Official estimate[187],https://en.wikipedia.org/wiki/List_of_countries_and_dependencies_by_population#cite_note-216,,
Maldives,https://upload.wikimedia.org/wikipedia/commons/thumb/0/0f/Flag_of_Maldives.svg/40px-Flag_of_Maldives.svg.png,https://en.wikipedia.org/wiki/Maldives,"515,132",0.006%,13 Sep 2022,2022 census result[188],https://en.wikipedia.org/wiki/List_of_countries_and_dependencies_by_population#cite_note-217,,
Cape Verde,https://upload.wikimedia.org/wikipedia/commons/thumb/3/38/Flag_of_Cape_Verde.svg/40px-Flag_of_Cape_Verde.svg.png,https://en.wikipedia.org/wiki/Cape_Verde,"491,233",0.006%,16 Jun 2021,2021 census result[189],https://en.wikipedia.org/wiki/List_of_countries_and_dependencies_by_population#cite_note-218,,
Northern Cyprus,https://upload.wikimedia.org/wikipedia/commons/thumb/1/1e/Flag_of_the_Turkish_Republic_of_Northern_Cyprus.svg/40px-Flag_of_the_Turkish_Republic_of_Northern_Cyprus.svg.png,https://en.wikipedia.org/wiki/Northern_Cyprus,"476,214",0.006%,31 Dec 2023,Official projection[190],https://en.wikipedia.org/wiki/List_of_countries_and_dependencies_by_population#cite_note-219,[ad],https://en.wikipedia.org/wiki/List_of_countries_and_dependencies_by_population#cite_note-220
Brunei,https://upload.wikimedia.org/wikipedia/commons/thumb/9/9c/Flag_of_Brunei.svg/40px-Flag_of_Brunei.svg.png,https://en.wikipedia.org/wiki/Brunei,"455,500",0.006%,1 Jul 2024,Official estimate[191],https://en.wikipedia.org/wiki/List_of_countries_and_dependencies_by_population#cite_note-221,,
Belize,https://upload.wikimedia.org/wikipedia/commons/thumb/e/e7/Flag_of_Belize.svg/23px-Flag_of_Belize.svg.png,https://en.wikipedia.org/wiki/Belize,"410,919",0.005%,1 Jul 2024,Official estimate[192],https://en.wikipedia.org/wiki/List_of_countries_and_dependencies_by_population#cite_note-222,,
Bahamas,https://upload.wikimedia.org/wikipedia/commons/thumb/9/93/Flag_of_the_Bahamas.svg/40px-Flag_of_the_Bahamas.svg.png,https://en.wikipedia.org/wiki/The_Bahamas,"398,165",0.005%,4 Apr 2022,2022 census result[193],https://en.wikipedia.org/wiki/List_of_countries_and_dependencies_by_population#cite_note-223,,
Iceland,https://upload.wikimedia.org/wikipedia/commons/thumb/c/ce/Flag_of_Iceland.svg/40px-Flag_of_Iceland.svg.png,https://en.wikipedia.org/wiki/Iceland,"389,450",0.005%,1 Jan 2025,National quarterly estimate[194],https://en.wikipedia.org/wiki/List_of_countries_and_dependencies_by_population#cite_note-224,,
Transnistria,https://upload.wikimedia.org/wikipedia/commons/thumb/b/bc/Flag_of_Transnistria_%28state%29.svg/40px-Flag_of_Transnistria_%28state%29.svg.png,https://en.wikipedia.org/wiki/Transnistria,"360,938",0.004%,31 Dec 2022,Official estimate[195],https://en.wikipedia.org/wiki/List_of_countries_and_dependencies_by_population#cite_note-225,[ae],https://en.wikipedia.org/wiki/List_of_countries_and_dependencies_by_population#cite_note-226
Vanuatu,https://upload.wikimedia.org/wikipedia/commons/thumb/b/bc/Flag_of_Vanuatu.svg/23px-Flag_of_Vanuatu.svg.png,https://en.wikipedia.org/wiki/Vanuatu,"321,409",0.004%,1 Jul 2024,National annual projection[196],https://en.wikipedia.org/wiki/List_of_countries_and_dependencies_by_population#cite_note-pacificdata-227,,
French Polynesia (France),https://upload.wikimedia.org/wikipedia/commons/thumb/d/db/Flag_of_French_Polynesia.svg/40px-Flag_of_French_Polynesia.svg.png,https://en.wikipedia.org/wiki/French_Polynesia,"279,890",0.003%,1 Jul 2021,National annual projection[196],https://en.wikipedia.org/wiki/List_of_countries_and_dependencies_by_population#cite_note-pacificdata-227,,
New Caledonia (France),https://upload.wikimedia.org/wikipedia/commons/thumb/2/26/Flags_of_New_Caledonia.svg/60px-Flags_of_New_Caledonia.svg.png,https://en.wikipedia.org/wiki/New_Caledonia,"268,510",0.003%,1 Jan 2023,National annual projection[197],https://en.wikipedia.org/wiki/List_of_countries_and_dependencies_by_population#cite_note-228,,
Barbados,https://upload.wikimedia.org/wikipedia/commons/thumb/e/ef/Flag_of_Barbados.svg/40px-Flag_of_Barbados.svg.png,https://en.wikipedia.org/wiki/Barbados,"267,800",0.003%,31 Dec 2022,[198],https://en.wikipedia.org/wiki/List_of_countries_and_dependencies_by_population#cite_note-229,,
Abkhazia,https://upload.wikimedia.org/wikipedia/commons/thumb/7/7a/Flag_of_the_Republic_of_Abkhazia.svg/40px-Flag_of_the_Republic_of_Abkhazia.svg.png,https://en.wikipedia.org/wiki/Abkhazia,"244,236",0.003%,1 Jan 2022,Official estimate[199],https://en.wikipedia.org/wiki/List_of_countries_and_dependencies_by_population#cite_note-230,[af],https://en.wikipedia.org/wiki/List_of_countries_and_dependencies_by_population#cite_note-231
São Tomé and Príncipe,https://upload.wikimedia.org/wikipedia/commons/thumb/0/0a/Flag_of_S%C3%A3o_Tom%C3%A9_and_Pr%C3%ADncipe.svg/23px-Flag_of_S%C3%A3o_Tom%C3%A9_and_Pr%C3%ADncipe.svg.png,https://en.wikipedia.org/wiki/S%C3%A3o_Tom%C3%A9_and_Pr%C3%ADncipe,"228,319",0.003%,1 Jul 2024,National annual projection[200],https://en.wikipedia.org/wiki/List_of_countries_and_dependencies_by_population#cite_note-232,,
Samoa,https://upload.wikimedia.org/wikipedia/commons/thumb/3/31/Flag_of_Samoa.svg/40px-Flag_of_Samoa.svg.png,https://en.wikipedia.org/wiki/Samoa,"205,557",0.003%,6 Nov 2021,Census 2021[201],https://en.wikipedia.org/wiki/List_of_countries_and_dependencies_by_population#cite_note-233,,
Saint Lucia,https://upload.wikimedia.org/wikipedia/commons/thumb/9/9f/Flag_of_Saint_Lucia.svg/40px-Flag_of_Saint_Lucia.svg.png,https://en.wikipedia.org/wiki/Saint_Lucia,"184,100",0.002%,1 Jul 2023,Official estimate[202],https://en.wikipedia.org/wiki/List_of_countries_and_dependencies_by_population#cite_note-234,,
Curaçao (Netherlands),https://upload.wikimedia.org/wikipedia/commons/thumb/b/b1/Flag_of_Cura%C3%A7ao.svg/40px-Flag_of_Cura%C3%A7ao.svg.png,https://en.wikipedia.org/wiki/Cura%C3%A7ao,"155,826",0.002%,2 Sep 2023,2023 census result[203],https://en.wikipedia.org/wiki/List_of_countries_and_dependencies_by_population#cite_note-235,,
Guam (US),https://upload.wikimedia.org/wikipedia/commons/thumb/0/07/Flag_of_Guam.svg/40px-Flag_of_Guam.svg.png,https://en.wikipedia.org/wiki/Guam,"153,836",0.002%,1 Apr 2020,2020 census result[204],https://en.wikipedia.org/wiki/List_of_countries_and_dependencies_by_population#cite_note-236,,
Seychelles,https://upload.wikimedia.org/wikipedia/commons/thumb/f/fc/Flag_of_Seychelles.svg/40px-Flag_of_Seychelles.svg.png,https://en.wikipedia.org/wiki/Seychelles,"122,038",0.001%,31 Dec 2024,Official estimate[205],https://en.wikipedia.org/wiki/List_of_countries_and_dependencies_by_population#cite_note-237,,
Kiribati,https://upload.wikimedia.org/wikipedia/commons/thumb/d/d3/Flag_of_Kiribati.svg/40px-Flag_of_Kiribati.svg.png,https://en.wikipedia.org/wiki/Kiribati,"120,740",0.001%,1 Jul 2021,National annual projection[196],https://en.wikipedia.org/wiki/List_of_countries_and_dependencies_by_population#cite_note-pacificdata-227,,
Grenada,https://upload.wikimedia.org/wikipedia/commons/thumb/b/bc/Flag_of_Grenada.svg/40px-Flag_of_Grenada.svg.png,https://en.wikipedia.org/wiki/Grenada,"112,579",0.001%,1 Jul 2019,Official estimate[206],https://en.wikipedia.org/wiki/List_of_countries_and_dependencies_by_population#cite_note-238,,
Saint Vincent and the Grenadines,https://upload.wikimedia.org/wikipedia/commons/thumb/6/6d/Flag_of_Saint_Vincent_and_the_Grenadines.svg/40px-Flag_of_Saint_Vincent_and_the_Grenadines.svg.png,https://en.wikipedia.org/wiki/Saint_Vincent_and_the_Grenadines,"110,872",0.001%,1 Jul 2022,Official estimate[207],https://en.wikipedia.org/wiki/List_of_countries_and_dependencies_by_population#cite_note-239,,
Aruba (Netherlands),https://upload.wikimedia.org/wikipedia/commons/thumb/f/f6/Flag_of_Aruba.svg/40px-Flag_of_Aruba.svg.png,https://en.wikipedia.org/wiki/Aruba,"107,566",0.001%,31 Dec 2023,Official estimate[208],https://en.wikipedia.org/wiki/List_of_countries_and_dependencies_by_population#cite_note-240,,
Micronesia,https://upload.wikimedia.org/wikipedia/commons/thumb/e/e4/Flag_of_the_Federated_States_of_Micronesia.svg/40px-Flag_of_the_Federated_States_of_Micronesia.svg.png,https://en.wikipedia.org/wiki/Federated_States_of_Micronesia,"105,754",0.001%,1 Jul 2021,National annual projection[196],https://en.wikipedia.org/wiki/List_of_countries_and_dependencies_by_population#cite_note-pacificdata-227,,
Antigua and Barbuda,https://upload.wikimedia.org/wikipedia/commons/thumb/8/89/Flag_of_Antigua_and_Barbuda.svg/40px-Flag_of_Antigua_and_Barbuda.svg.png,https://en.wikipedia.org/wiki/Antigua_and_Barbuda,"103,603",0.001%,1 Jan 2024,National annual estimate[209],https://en.wikipedia.org/wiki/List_of_countries_and_dependencies_by_population#cite_note-241,,
Jersey (UK),https://upload.wikimedia.org/wikipedia/commons/thumb/1/1c/Flag_of_Jersey.svg/23px-Flag_of_Jersey.svg.png,https://en.wikipedia.org/wiki/Jersey,"103,267",0.001%,21 Mar 2021,2021 census result[210],https://en.wikipedia.org/wiki/List_of_countries_and_dependencies_by_population#cite_note-242,,
Tonga,https://upload.wikimedia.org/wikipedia/commons/thumb/9/9a/Flag_of_Tonga.svg/40px-Flag_of_Tonga.svg.png,https://en.wikipedia.org/wiki/Tonga,"100,179",0.001%,1 Jan 2022,National annual estimate[211],https://en.wikipedia.org/wiki/List_of_countries_and_dependencies_by_population#cite_note-243,,
Andorra,https://upload.wikimedia.org/wikipedia/commons/thumb/1/19/Flag_of_Andorra.svg/40px-Flag_of_Andorra.svg.png,https://en.wikipedia.org/wiki/Andorra,"87,486",0.001%,28 Feb 2025,Official estimate[212],https://en.wikipedia.org/wiki/List_of_countries_and_dependencies_by_population#cite_note-244,,
U.S. Virgin Islands (US),https://upload.wikimedia.org/wikipedia/commons/thumb/f/f8/Flag_of_the_United_States_Virgin_Islands.svg/40px-Flag_of_the_United_States_Virgin_Islands.svg.png,https://en.wikipedia.org/wiki/United_States_Virgin_Islands,"87,146",0.001%,1 Apr 2020,2020 census result[213],https://en.wikipedia.org/wiki/List_of_countries_and_dependencies_by_population#cite_note-245,,
Cayman Islands (UK),https://upload.wikimedia.org/wikipedia/commons/thumb/0/0f/Flag_of_the_Cayman_Islands.svg/40px-Flag_of_the_Cayman_Islands.svg.png,https://en.wikipedia.org/wiki/Cayman_Islands,"84,738",0.001%,31 Dec 2023,National annual projection[214],https://en.wikipedia.org/wiki/List_of_countries_and_dependencies_by_population#cite_note-246,,
Isle of Man (UK),https://upload.wikimedia.org/wikipedia/commons/thumb/b/bc/Flag_of_the_Isle_of_Man.svg/40px-Flag_of_the_Isle_of_Man.svg.png,https://en.wikipedia.org/wiki/Isle_of_Man,"84,530",0.001%,1 Apr 2023,Official estimate[215],https://en.wikipedia.org/wiki/List_of_countries_and_dependencies_by_population#cite_note-247,,
Dominica,https://upload.wikimedia.org/wikipedia/commons/thumb/c/c4/Flag_of_Dominica.svg/40px-Flag_of_Dominica.svg.png,https://en.wikipedia.org/wiki/Dominica,"67,408",0.0008%,31 Dec 2017,Official estimate[216],https://en.wikipedia.org/wiki/List_of_countries_and_dependencies_by_population#cite_note-248,,
Guernsey (UK),https://upload.wikimedia.org/wikipedia/commons/thumb/f/fa/Flag_of_Guernsey.svg/40px-Flag_of_Guernsey.svg.png,https://en.wikipedia.org/wiki/Bailiwick_of_Guernsey,"64,781",0.0008%,31 Dec 2023,National quarterly estimate[217],https://en.wikipedia.org/wiki/List_of_countries_and_dependencies_by_population#cite_note-249,,
Bermuda (UK),https://upload.wikimedia.org/wikipedia/commons/thumb/b/bf/Flag_of_Bermuda.svg/40px-Flag_of_Bermuda.svg.png,https://en.wikipedia.org/wiki/Bermuda,"64,055",0.0008%,1 Jul 2021,National annual projection[218],https://en.wikipedia.org/wiki/List_of_countries_and_dependencies_by_population#cite_note-250,,
Greenland (Denmark),https://upload.wikimedia.org/wikipedia/commons/thumb/0/09/Flag_of_Greenland.svg/40px-Flag_of_Greenland.svg.png,https://en.wikipedia.org/wiki/Greenland,"56,542",0.0007%,1 Jan 2025,National quarterly estimate[219],https://en.wikipedia.org/wiki/List_of_countries_and_dependencies_by_population#cite_note-251,,
South Ossetia,https://upload.wikimedia.org/wikipedia/commons/thumb/1/12/Flag_of_South_Ossetia.svg/40px-Flag_of_South_Ossetia.svg.png,https://en.wikipedia.org/wiki/South_Ossetia,"56,520",0.0007%,31 Dec 2021,Official estimate[220],https://en.wikipedia.org/wiki/List_of_countries_and_dependencies_by_population#cite_note-252,[ag],https://en.wikipedia.org/wiki/List_of_countries_and_dependencies_by_population#cite_note-253
Faroe Islands (Denmark),https://upload.wikimedia.org/wikipedia/commons/thumb/3/3c/Flag_of_the_Faroe_Islands.svg/40px-Flag_of_the_Faroe_Islands.svg.png,https://en.wikipedia.org/wiki/Faroe_Islands,"54,784",0.0007%,1 Mar 2025,Monthly national estimate[221],https://en.wikipedia.org/wiki/List_of_countries_and_dependencies_by_population#cite_note-254,,
Saint Kitts and Nevis,https://upload.wikimedia.org/wikipedia/commons/thumb/f/fe/Flag_of_Saint_Kitts_and_Nevis.svg/23px-Flag_of_Saint_Kitts_and_Nevis.svg.png,https://en.wikipedia.org/wiki/Saint_Kitts_and_Nevis,"51,320",0.0006%,2022,2022 census result[222],https://en.wikipedia.org/wiki/List_of_countries_and_dependencies_by_population#cite_note-255,,
Turks and Caicos Islands (UK),https://upload.wikimedia.org/wikipedia/commons/thumb/a/a0/Flag_of_the_Turks_and_Caicos_Islands.svg/40px-Flag_of_the_Turks_and_Caicos_Islands.svg.png,https://en.wikipedia.org/wiki/Turks_and_Caicos_Islands,"50,894",0.0006%,1 Jul 2024,Official estimate[223],https://en.wikipedia.org/wiki/List_of_countries_and_dependencies_by_population#cite_note-256,,
American Samoa (US),https://upload.wikimedia.org/wikipedia/commons/thumb/8/87/Flag_of_American_Samoa.svg/40px-Flag_of_American_Samoa.svg.png,https://en.wikipedia.org/wiki/American_Samoa,"49,710",0.0006%,1 Apr 2020,2020 census result[224],https://en.wikipedia.org/wiki/List_of_countries_and_dependencies_by_population#cite_note-257,,
Northern Mariana Islands (US),https://upload.wikimedia.org/wikipedia/commons/thumb/e/e0/Flag_of_the_Northern_Mariana_Islands.svg/40px-Flag_of_the_Northern_Mariana_Islands.svg.png,https://en.wikipedia.org/wiki/Northern_Mariana_Islands,"47,329",0.0006%,1 Apr 2020,2020 census result[225],https://en.wikipedia.org/wiki/List_of_countries_and_dependencies_by_population#cite_note-258,,
Marshall Islands,https://upload.wikimedia.org/wikipedia/commons/thumb/2/2e/Flag_of_the_Marshall_Islands.svg/40px-Flag_of_the_Marshall_Islands.svg.png,https://en.wikipedia.org/wiki/Marshall_Islands,"42,418",0.0005%,30 Sep 2021,2021 Census[226],https://en.wikipedia.org/wiki/List_of_countries_and_dependencies_by_population#cite_note-autogenerated1-259,,
Sint Maarten (Netherlands),https://upload.wikimedia.org/wikipedia/commons/thumb/d/d3/Flag_of_Sint_Maarten.svg/40px-Flag_of_Sint_Maarten.svg.png,https://en.wikipedia.org/wiki/Sint_Maarten,"41,349",0.0005%,1 Jan 2024,Official estimate[227],https://en.wikipedia.org/wiki/List_of_countries_and_dependencies_by_population#cite_note-260,,
Liechtenstein,https://upload.wikimedia.org/wikipedia/commons/thumb/4/47/Flag_of_Liechtenstein.svg/40px-Flag_of_Liechtenstein.svg.png,https://en.wikipedia.org/wiki/Liechtenstein,"40,900",0.0005%,30 Dec 2024,National estimate[228],https://en.wikipedia.org/wiki/List_of_countries_and_dependencies_by_population#cite_note-261,,
British Virgin Islands (UK),https://upload.wikimedia.org/wikipedia/commons/thumb/4/42/Flag_of_the_British_Virgin_Islands.svg/40px-Flag_of_the_British_Virgin_Islands.svg.png,https://en.wikipedia.org/wiki/British_Virgin_Islands,"39,471",0.0005%,1 Jul 2024,UN estimate[229],https://en.wikipedia.org/wiki/List_of_countries_and_dependencies_by_population#cite_note-262,,
Monaco,https://upload.wikimedia.org/wikipedia/commons/thumb/e/ea/Flag_of_Monaco.svg/19px-Flag_of_Monaco.svg.png,https://en.wikipedia.org/wiki/Monaco,"38,367",0.0005%,31 Dec 2023,Census[230],https://en.wikipedia.org/wiki/List_of_countries_and_dependencies_by_population#cite_note-263,,
Gibraltar (UK),https://upload.wikimedia.org/wikipedia/commons/thumb/0/02/Flag_of_Gibraltar.svg/40px-Flag_of_Gibraltar.svg.png,https://en.wikipedia.org/wiki/Gibraltar,"38,000",0.0005%,14 Nov 2022,Preliminary census results[231],https://en.wikipedia.org/wiki/List_of_countries_and_dependencies_by_population#cite_note-264,,
San Marino,https://upload.wikimedia.org/wikipedia/commons/thumb/b/b1/Flag_of_San_Marino.svg/20px-Flag_of_San_Marino.svg.png,https://en.wikipedia.org/wiki/San_Marino,"34,042",0.0004%,31 Jan 2025,Monthly national estimate[232],https://en.wikipedia.org/wiki/List_of_countries_and_dependencies_by_population#cite_note-265,,
Saint Martin (France),https://upload.wikimedia.org/wikipedia/commons/thumb/3/3d/Local_flag_of_the_Collectivity_of_Saint_Martin.svg/40px-Local_flag_of_the_Collectivity_of_Saint_Martin.svg.png,https://en.wikipedia.org/wiki/Collectivity_of_Saint_Martin,"31,496",0.0004%,1 Jan 2025,Official estimate[233],https://en.wikipedia.org/wiki/List_of_countries_and_dependencies_by_population#cite_note-auto-266,,
Palau,https://upload.wikimedia.org/wikipedia/commons/thumb/4/48/Flag_of_Palau.svg/40px-Flag_of_Palau.svg.png,https://en.wikipedia.org/wiki/Palau,"16,733",0.0002%,1 Jul 2021,2021 Census[234],https://en.wikipedia.org/wiki/List_of_countries_and_dependencies_by_population#cite_note-267,,
Anguilla (UK),https://upload.wikimedia.org/wikipedia/commons/thumb/b/b4/Flag_of_Anguilla.svg/40px-Flag_of_Anguilla.svg.png,https://en.wikipedia.org/wiki/Anguilla,"15,931",0.0002%,31 Dec 2023,Official estimate[235],https://en.wikipedia.org/wiki/List_of_countries_and_dependencies_by_population#cite_note-268,,
Cook Islands (New Zealand),https://upload.wikimedia.org/wikipedia/commons/thumb/3/35/Flag_of_the_Cook_Islands.svg/40px-Flag_of_the_Cook_Islands.svg.png,https://en.wikipedia.org/wiki/Cook_Islands,"15,040",0.0002%,1 Jul 2021,2021 Census[236],https://en.wikipedia.org/wiki/List_of_countries_and_dependencies_by_population#cite_note-269,,
Nauru,https://upload.wikimedia.org/wikipedia/commons/thumb/3/30/Flag_of_Nauru.svg/40px-Flag_of_Nauru.svg.png,https://en.wikipedia.org/wiki/Nauru,"11,680",0.0001%,30 Oct 2021,2021 Census[237],https://en.wikipedia.org/wiki/List_of_countries_and_dependencies_by_population#cite_note-270,,
Wallis and Futuna (France),https://upload.wikimedia.org/wikipedia/commons/thumb/d/d2/Flag_of_Wallis_and_Futuna.svg/40px-Flag_of_Wallis_and_Futuna.svg.png,https://en.wikipedia.org/wiki/Wallis_and_Futuna,"11,620",0.0001%,24 Jul 2023,2023 Census[238],https://en.wikipedia.org/wiki/List_of_countries_and_dependencies_by_population#cite_note-271,,
Tuvalu,https://upload.wikimedia.org/wikipedia/commons/thumb/3/38/Flag_of_Tuvalu.svg/40px-Flag_of_Tuvalu.svg.png,https://en.wikipedia.org/wiki/Tuvalu,"10,643",0.0001%,12 Dec 2022,2022 Census[239],https://en.wikipedia.org/wiki/List_of_countries_and_dependencies_by_population#cite_note-:1-272,,
Saint Barthélemy (France),https://upload.wikimedia.org/wikipedia/commons/thumb/e/e7/Flag_of_Saint_Barth%C3%A9lemy_%28Local%29.svg/40px-Flag_of_Saint_Barth%C3%A9lemy_%28Local%29.svg.png,https://en.wikipedia.org/wiki/Saint_Barth%C3%A9lemy,"10,562",0.0001%,1 Jan 2025,Official estimate[233],https://en.wikipedia.org/wiki/List_of_countries_and_dependencies_by_population#cite_note-auto-266,,
Saint Pierre and Miquelon (France),https://upload.wikimedia.org/wikipedia/commons/thumb/7/74/Flag_of_Saint-Pierre_and_Miquelon.svg/40px-Flag_of_Saint-Pierre_and_Miquelon.svg.png,https://en.wikipedia.org/wiki/Saint_Pierre_and_Miquelon,"5,819",0%,1 Jan 2025,Official estimate[233],https://en.wikipedia.org/wiki/List_of_countries_and_dependencies_by_population#cite_note-auto-266,,
"Saint Helena, Ascension and Tristan da Cunha (UK)",https://upload.wikimedia.org/wikipedia/en/thumb/a/ae/Flag_of_the_United_Kingdom.svg/40px-Flag_of_the_United_Kingdom.svg.png,"https://en.wikipedia.org/wiki/Saint_Helena,_Ascension_and_Tristan_da_Cunha","5,651",0%,1 Jul 2021,2021 Census[240][241][242],https://en.wikipedia.org/wiki/List_of_countries_and_dependencies_by_population#cite_note-273,,
Montserrat (UK),https://upload.wikimedia.org/wikipedia/commons/thumb/d/d0/Flag_of_Montserrat.svg/40px-Flag_of_Montserrat.svg.png,https://en.wikipedia.org/wiki/Montserrat,"4,386",0%,23 Sep 2023,2023 census result[243],https://en.wikipedia.org/wiki/List_of_countries_and_dependencies_by_population#cite_note-276,,
Falkland Islands (UK),https://upload.wikimedia.org/wikipedia/commons/thumb/8/83/Flag_of_the_Falkland_Islands.svg/40px-Flag_of_the_Falkland_Islands.svg.png,https://en.wikipedia.org/wiki/Falkland_Islands,"3,662",0%,10 Oct 2021,2021 census result[244],https://en.wikipedia.org/wiki/List_of_countries_and_dependencies_by_population#cite_note-277,,
Norfolk Island (Australia),https://upload.wikimedia.org/wikipedia/commons/thumb/4/48/Flag_of_Norfolk_Island.svg/40px-Flag_of_Norfolk_Island.svg.png,https://en.wikipedia.org/wiki/Norfolk_Island,"2,188",0%,1 Jan 2021,2021 Census[245],https://en.wikipedia.org/wiki/List_of_countries_and_dependencies_by_population#cite_note-278,,
Christmas Island (Australia),https://upload.wikimedia.org/wikipedia/commons/thumb/6/67/Flag_of_Christmas_Island.svg/23px-Flag_of_Christmas_Island.svg.png,https://en.wikipedia.org/wiki/Christmas_Island,"1,692",0%,1 Jan 2021,2021 Census[246],https://en.wikipedia.org/wiki/List_of_countries_and_dependencies_by_population#cite_note-279,,
Niue (New Zealand),https://upload.wikimedia.org/wikipedia/commons/thumb/0/01/Flag_of_Niue.svg/40px-Flag_of_Niue.svg.png,https://en.wikipedia.org/wiki/Niue,"1,681",0%,11 Nov 2022,2022 Census[247],https://en.wikipedia.org/wiki/List_of_countries_and_dependencies_by_population#cite_note-280,,
Tokelau (New Zealand),https://upload.wikimedia.org/wikipedia/commons/thumb/8/8e/Flag_of_Tokelau.svg/40px-Flag_of_Tokelau.svg.png,https://en.wikipedia.org/wiki/Tokelau,"1,647",0%,1 Jan 2019,2019 Census[248],https://en.wikipedia.org/wiki/List_of_countries_and_dependencies_by_population#cite_note-281,,
Vatican City,https://upload.wikimedia.org/wikipedia/commons/thumb/b/b3/Flag_of_Vatican_City_%282023%E2%80%93present%29.svg/20px-Flag_of_Vatican_City_%282023%E2%80%93present%29.svg.png,https://en.wikipedia.org/wiki/Vatican_City,882,0%,31 Dec 2024,Official figure[249],https://en.wikipedia.org/wiki/List_of_countries_and_dependencies_by_population#cite_note-va-282,[ah],https://en.wikipedia.org/wiki/List_of_countries_and_dependencies_by_population#cite_note-283
Cocos (Keeling) Islands (Australia),https://upload.wikimedia.org/wikipedia/commons/thumb/7/74/Flag_of_the_Cocos_%28Keeling%29_Islands.svg/40px-Flag_of_the_Cocos_%28Keeling%29_Islands.svg.png,https://en.wikipedia.org/wiki/Cocos_(Keeling)_Islands,593,0%,30 Jun 2020,2021 Census[250],https://en.wikipedia.org/wiki/List_of_countries_and_dependencies_by_population#cite_note-284,,
Pitcairn Islands (UK),https://upload.wikimedia.org/wikipedia/commons/thumb/8/88/Flag_of_the_Pitcairn_Islands.svg/40px-Flag_of_the_Pitcairn_Islands.svg.png,https://en.wikipedia.org/wiki/Pitcairn_Islands,35,0%,1 Jul 2023,Official estimate[251],https://en.wikipedia.org/wiki/List_of_countries_and_dependencies_by_population#cite_note-285,,
